Benchmark id,Task,Nb train samples,Nb features,Nb test samples,Nb classes,Nb estimators,Fit time,Predict time,RAM peak (MB),VRAM peak (MB),RAM peak fit (MB),VRAM peak fit (MB),RAM peak predict (MB),VRAM peak predict (MB),Batch size,KV cache,Offload mode,Nb jobs,Device,Use AMP,GPU name,Platform,Platform arch,Platform release,Platform version,CPU name,Nb cpus,RAM (GB),CUDA version,Torch version,TabICL version,Numpy version,Scipy version,Run label,Accuracy,Log loss,RMSE,R2,Run date
e2ce2bbd,classification,16000,100,8000,10,4,2.372±0.01836,6.555±0.02168,39.7±5.097,11850,0.7396±1.274,111.7,39.7±5.097,11850,8,False,gpu,4,cuda,auto,NVIDIA L4,Linux,x86_64,7.0.0-1013-aws,#13~24.04.1-Ubuntu SMP PREEMPT Sat Sep  5 01:10:01 UTC 2026,AMD EPYC 7R13 Processor,4,15,NVIDIA L4: cuda_13.2,2.14.0,2.2.0,2.5.3,1.18.1,"rows & cols scaling + n_estimators, cuda, offload:gpu, kv cache on/off",0.9873±0.0002602,0.1032±0.004571,,,2026-09-29
e2ce2bbd,classification,16000,100,8000,10,4,7.07±0.01087,2.044±0.009505,48.75±21.07,12290,48.75±21.07,12290,32.47±25.39,6593,8,True,gpu,4,cuda,auto,NVIDIA L4,Linux,x86_64,7.0.0-1013-aws,#13~24.04.1-Ubuntu SMP PREEMPT Sat Sep  5 01:10:01 UTC 2026,AMD EPYC 7R13 Processor,4,15,NVIDIA L4: cuda_13.2,2.14.0,2.2.0,2.5.3,1.18.1,"rows & cols scaling + n_estimators, cuda, offload:gpu, kv cache on/off",0.9873±0.0003608,0.1032±0.004581,,,2026-09-29
3b253a45,classification,16000,100,8000,10,2,2.363±0.01988,3.392±0.01402,14.24±7.048,7882,0.4635±0.7961,109.1,14.24±7.048,7882,8,False,gpu,4,cuda,auto,NVIDIA L4,Linux,x86_64,7.0.0-1013-aws,#13~24.04.1-Ubuntu SMP PREEMPT Sat Sep  5 01:10:01 UTC 2026,AMD EPYC 7R13 Processor,4,15,NVIDIA L4: cuda_13.2,2.14.0,2.2.0,2.5.3,1.18.1,"rows & cols scaling + n_estimators, cuda, offload:gpu, kv cache on/off",0.9785±0.00165,0.1273±0.004542,,,2026-09-29
3b253a45,classification,16000,100,8000,10,2,4.666±0.005448,1.066±0.000666,1.13±1.194,5849,1.13±1.194,5849,1.13±1.194,3359,8,True,gpu,4,cuda,auto,NVIDIA L4,Linux,x86_64,7.0.0-1013-aws,#13~24.04.1-Ubuntu SMP PREEMPT Sat Sep  5 01:10:01 UTC 2026,AMD EPYC 7R13 Processor,4,15,NVIDIA L4: cuda_13.2,2.14.0,2.2.0,2.5.3,1.18.1,"rows & cols scaling + n_estimators, cuda, offload:gpu, kv cache on/off",0.9785±0.00165,0.1273±0.004542,,,2026-09-29
9bf59cc1,classification,16000,100,8000,10,1,0.355±0.004286,1.669±0.02707,0.3945±0.6766,7885,0.3945±0.6766,114.1,0.3945±0.6766,7885,8,False,gpu,4,cuda,auto,NVIDIA L4,Linux,x86_64,7.0.0-1013-aws,#13~24.04.1-Ubuntu SMP PREEMPT Sat Sep  5 01:10:01 UTC 2026,AMD EPYC 7R13 Processor,4,15,NVIDIA L4: cuda_13.2,2.14.0,2.2.0,2.5.3,1.18.1,"rows & cols scaling + n_estimators, cuda, offload:gpu, kv cache on/off",0.978±0.001816,0.1274±0.005552,,,2026-09-29
9bf59cc1,classification,16000,100,8000,10,1,1.499±0.02326,0.5371±0.009428,4.482±3.888,5452,4.482±3.888,5452,0.00390625,2960,8,True,gpu,4,cuda,auto,NVIDIA L4,Linux,x86_64,7.0.0-1013-aws,#13~24.04.1-Ubuntu SMP PREEMPT Sat Sep  5 01:10:01 UTC 2026,AMD EPYC 7R13 Processor,4,15,NVIDIA L4: cuda_13.2,2.14.0,2.2.0,2.5.3,1.18.1,"rows & cols scaling + n_estimators, cuda, offload:gpu, kv cache on/off",0.978±0.001816,0.1274±0.005552,,,2026-09-29
49105811,classification,16000,100,2000,10,4,2.363±0.005498,5.231±0.0192,56.97±10.83,11310,0.00390625,111.6,56.97±10.83,11310,8,False,gpu,4,cuda,auto,NVIDIA L4,Linux,x86_64,7.0.0-1013-aws,#13~24.04.1-Ubuntu SMP PREEMPT Sat Sep  5 01:10:01 UTC 2026,AMD EPYC 7R13 Processor,4,15,NVIDIA L4: cuda_13.2,2.14.0,2.2.0,2.5.3,1.18.1,"rows & cols scaling + n_estimators, cuda, offload:gpu, kv cache on/off",0.9868±0.002255,0.107±0.0216,,,2026-09-29
49105811,classification,16000,100,2000,10,4,7.043±0.01089,0.5668±0.004045,7.126±12.34,12290,7.126±12.34,12290,7.126±12.34,2924,8,True,gpu,4,cuda,auto,NVIDIA L4,Linux,x86_64,7.0.0-1013-aws,#13~24.04.1-Ubuntu SMP PREEMPT Sat Sep  5 01:10:01 UTC 2026,AMD EPYC 7R13 Processor,4,15,NVIDIA L4: cuda_13.2,2.14.0,2.2.0,2.5.3,1.18.1,"rows & cols scaling + n_estimators, cuda, offload:gpu, kv cache on/off",0.9868±0.002255,0.107±0.02159,,,2026-09-29
7305bff9,classification,16000,100,2000,10,2,2.341±0.008282,2.595±0.009132,0.00390625,6044,0.00390625,110.5,0.00390625,6044,8,False,gpu,4,cuda,auto,NVIDIA L4,Linux,x86_64,7.0.0-1013-aws,#13~24.04.1-Ubuntu SMP PREEMPT Sat Sep  5 01:10:01 UTC 2026,AMD EPYC 7R13 Processor,4,15,NVIDIA L4: cuda_13.2,2.14.0,2.2.0,2.5.3,1.18.1,"rows & cols scaling + n_estimators, cuda, offload:gpu, kv cache on/off",0.9793±0.003884,0.1326±0.02241,,,2026-09-29
7305bff9,classification,16000,100,2000,10,2,4.643±0.001317,0.3195±0.001813,0.00390625,5848,0.00390625,5848,0.00390625,1520,8,True,gpu,4,cuda,auto,NVIDIA L4,Linux,x86_64,7.0.0-1013-aws,#13~24.04.1-Ubuntu SMP PREEMPT Sat Sep  5 01:10:01 UTC 2026,AMD EPYC 7R13 Processor,4,15,NVIDIA L4: cuda_13.2,2.14.0,2.2.0,2.5.3,1.18.1,"rows & cols scaling + n_estimators, cuda, offload:gpu, kv cache on/off",0.9793±0.003884,0.1326±0.02243,,,2026-09-29
ed542494,classification,16000,100,2000,10,1,0.3611±0.002426,1.311±0.002613,0.00390625,6044,0.00390625,109.7,0.00390625,6044,8,False,gpu,4,cuda,auto,NVIDIA L4,Linux,x86_64,7.0.0-1013-aws,#13~24.04.1-Ubuntu SMP PREEMPT Sat Sep  5 01:10:01 UTC 2026,AMD EPYC 7R13 Processor,4,15,NVIDIA L4: cuda_13.2,2.14.0,2.2.0,2.5.3,1.18.1,"rows & cols scaling + n_estimators, cuda, offload:gpu, kv cache on/off",0.9763±0.001756,0.1328±0.01688,,,2026-09-29
ed542494,classification,16000,100,2000,10,1,1.494±0.02332,0.1889±0.001176,0.00390625,5451,0.00390625,5451,0.00390625,1122,8,True,gpu,4,cuda,auto,NVIDIA L4,Linux,x86_64,7.0.0-1013-aws,#13~24.04.1-Ubuntu SMP PREEMPT Sat Sep  5 01:10:01 UTC 2026,AMD EPYC 7R13 Processor,4,15,NVIDIA L4: cuda_13.2,2.14.0,2.2.0,2.5.3,1.18.1,"rows & cols scaling + n_estimators, cuda, offload:gpu, kv cache on/off",0.9762±0.001528,0.1328±0.01689,,,2026-09-29
a7da7230,classification,16000,100,500,10,4,2.373±0.01638,4.929±0.01466,58.75±7.272,11160,0.00390625,110.7,58.75±7.272,11160,8,False,gpu,4,cuda,auto,NVIDIA L4,Linux,x86_64,7.0.0-1013-aws,#13~24.04.1-Ubuntu SMP PREEMPT Sat Sep  5 01:10:01 UTC 2026,AMD EPYC 7R13 Processor,4,15,NVIDIA L4: cuda_13.2,2.14.0,2.2.0,2.5.3,1.18.1,"rows & cols scaling + n_estimators, cuda, offload:gpu, kv cache on/off",0.9867±0.009866,0.1037±0.06789,,,2026-09-29
a7da7230,classification,16000,100,500,10,4,7.028±0.00884,0.2074±0.00596,7.889±13.66,12290,7.889±13.66,12290,7.889±13.66,2004,8,True,gpu,4,cuda,auto,NVIDIA L4,Linux,x86_64,7.0.0-1013-aws,#13~24.04.1-Ubuntu SMP PREEMPT Sat Sep  5 01:10:01 UTC 2026,AMD EPYC 7R13 Processor,4,15,NVIDIA L4: cuda_13.2,2.14.0,2.2.0,2.5.3,1.18.1,"rows & cols scaling + n_estimators, cuda, offload:gpu, kv cache on/off",0.9867±0.009866,0.1037±0.0679,,,2026-09-29
189095e3,classification,16000,100,500,10,2,2.376±0.05181,2.405±0.02043,0.3854±0.6608,5585,0.00390625,110.6,0.3854±0.6608,5585,8,False,gpu,4,cuda,auto,NVIDIA L4,Linux,x86_64,7.0.0-1013-aws,#13~24.04.1-Ubuntu SMP PREEMPT Sat Sep  5 01:10:01 UTC 2026,AMD EPYC 7R13 Processor,4,15,NVIDIA L4: cuda_13.2,2.14.0,2.2.0,2.5.3,1.18.1,"rows & cols scaling + n_estimators, cuda, offload:gpu, kv cache on/off",0.9767±0.01155,0.1336±0.07517,,,2026-09-29
189095e3,classification,16000,100,500,10,2,4.657±0.04145,0.1202±0.00444,6.629±11.47,5848,6.629±11.47,5848,6.629±11.47,1056,8,True,gpu,4,cuda,auto,NVIDIA L4,Linux,x86_64,7.0.0-1013-aws,#13~24.04.1-Ubuntu SMP PREEMPT Sat Sep  5 01:10:01 UTC 2026,AMD EPYC 7R13 Processor,4,15,NVIDIA L4: cuda_13.2,2.14.0,2.2.0,2.5.3,1.18.1,"rows & cols scaling + n_estimators, cuda, offload:gpu, kv cache on/off",0.9767±0.01155,0.1336±0.07516,,,2026-09-29
4d1660ef,classification,16000,100,500,10,1,0.3663±0.01791,1.198±0.02177,0.00390625,5585,0.00390625,110.2,0.00390625,5585,8,False,gpu,4,cuda,auto,NVIDIA L4,Linux,x86_64,7.0.0-1013-aws,#13~24.04.1-Ubuntu SMP PREEMPT Sat Sep  5 01:10:01 UTC 2026,AMD EPYC 7R13 Processor,4,15,NVIDIA L4: cuda_13.2,2.14.0,2.2.0,2.5.3,1.18.1,"rows & cols scaling + n_estimators, cuda, offload:gpu, kv cache on/off",0.9793±0.009452,0.1349±0.06878,,,2026-09-29
4d1660ef,classification,16000,100,500,10,1,1.487±0.02334,0.07901±0.005745,0.00390625,5448,0.00390625,5448,0.00390625,657,8,True,gpu,4,cuda,auto,NVIDIA L4,Linux,x86_64,7.0.0-1013-aws,#13~24.04.1-Ubuntu SMP PREEMPT Sat Sep  5 01:10:01 UTC 2026,AMD EPYC 7R13 Processor,4,15,NVIDIA L4: cuda_13.2,2.14.0,2.2.0,2.5.3,1.18.1,"rows & cols scaling + n_estimators, cuda, offload:gpu, kv cache on/off",0.9793±0.009452,0.1349±0.06878,,,2026-09-29
c2e98b2e,classification,16000,100,30,10,4,2.371±0.002512,4.837±0.003567,40.73±18.61,11280,0.00651±0.004511,110.7,40.73±18.61,11280,8,False,gpu,4,cuda,auto,NVIDIA L4,Linux,x86_64,7.0.0-1013-aws,#13~24.04.1-Ubuntu SMP PREEMPT Sat Sep  5 01:10:01 UTC 2026,AMD EPYC 7R13 Processor,4,15,NVIDIA L4: cuda_13.2,2.14.0,2.2.0,2.5.3,1.18.1,"rows & cols scaling + n_estimators, cuda, offload:gpu, kv cache on/off",0.9556±0.05092,0.3284±0.3083,,,2026-09-29
c2e98b2e,classification,16000,100,30,10,4,6.961±0.01181,0.1155±0.001321,4.089±7.065,12500,4.089±7.065,12500,4.089±7.065,1732,8,True,gpu,4,cuda,auto,NVIDIA L4,Linux,x86_64,7.0.0-1013-aws,#13~24.04.1-Ubuntu SMP PREEMPT Sat Sep  5 01:10:01 UTC 2026,AMD EPYC 7R13 Processor,4,15,NVIDIA L4: cuda_13.2,2.14.0,2.2.0,2.5.3,1.18.1,"rows & cols scaling + n_estimators, cuda, offload:gpu, kv cache on/off",0.9556±0.05092,0.3285±0.3084,,,2026-09-29
feda85b9,classification,16000,100,30,10,2,2.372±0.03247,2.329±0.00819,0.007812±0.003906,5444,0.007812±0.003906,112.5,0.007812±0.003906,5444,8,False,gpu,4,cuda,auto,NVIDIA L4,Linux,x86_64,7.0.0-1013-aws,#13~24.04.1-Ubuntu SMP PREEMPT Sat Sep  5 01:10:01 UTC 2026,AMD EPYC 7R13 Processor,4,15,NVIDIA L4: cuda_13.2,2.14.0,2.2.0,2.5.3,1.18.1,"rows & cols scaling + n_estimators, cuda, offload:gpu, kv cache on/off",0.9556±0.05092,0.33±0.3109,,,2026-09-29
feda85b9,classification,16000,100,30,10,2,4.644±0.02334,0.1028±0.007592,0.00651±0.002255,5848,0.00651±0.002255,5848,0.00651±0.002255,937,8,True,gpu,4,cuda,auto,NVIDIA L4,Linux,x86_64,7.0.0-1013-aws,#13~24.04.1-Ubuntu SMP PREEMPT Sat Sep  5 01:10:01 UTC 2026,AMD EPYC 7R13 Processor,4,15,NVIDIA L4: cuda_13.2,2.14.0,2.2.0,2.5.3,1.18.1,"rows & cols scaling + n_estimators, cuda, offload:gpu, kv cache on/off",0.9556±0.05092,0.3298±0.3104,,,2026-09-29
0e338222,classification,16000,100,30,10,1,0.374±0.01597,1.164±0.01409,4.081±7.061,5445,0.00390625,112.7,4.081±7.061,5445,8,False,gpu,4,cuda,auto,NVIDIA L4,Linux,x86_64,7.0.0-1013-aws,#13~24.04.1-Ubuntu SMP PREEMPT Sat Sep  5 01:10:01 UTC 2026,AMD EPYC 7R13 Processor,4,15,NVIDIA L4: cuda_13.2,2.14.0,2.2.0,2.5.3,1.18.1,"rows & cols scaling + n_estimators, cuda, offload:gpu, kv cache on/off",0.9444±0.03849,0.2818±0.2041,,,2026-09-29
0e338222,classification,16000,100,30,10,1,1.471±0.0006692,0.08179±0.00181,0.01042±0.01128,5448,0.00390625,5448,0.01042±0.01128,538,8,True,gpu,4,cuda,auto,NVIDIA L4,Linux,x86_64,7.0.0-1013-aws,#13~24.04.1-Ubuntu SMP PREEMPT Sat Sep  5 01:10:01 UTC 2026,AMD EPYC 7R13 Processor,4,15,NVIDIA L4: cuda_13.2,2.14.0,2.2.0,2.5.3,1.18.1,"rows & cols scaling + n_estimators, cuda, offload:gpu, kv cache on/off",0.9444±0.03849,0.2821±0.2041,,,2026-09-29
e17251de,classification,16000,100,2,10,4,2.371±0.01493,4.831±0.0212,61.05±0.002255,11560,0.005208±0.002255,111.9,61.05±0.002255,11560,8,False,gpu,4,cuda,auto,NVIDIA L4,Linux,x86_64,7.0.0-1013-aws,#13~24.04.1-Ubuntu SMP PREEMPT Sat Sep  5 01:10:01 UTC 2026,AMD EPYC 7R13 Processor,4,15,NVIDIA L4: cuda_13.2,2.14.0,2.2.0,2.5.3,1.18.1,"rows & cols scaling + n_estimators, cuda, offload:gpu, kv cache on/off",1.0,0.1158±0.1082,,,2026-09-29
e17251de,classification,16000,100,2,10,4,6.984±0.01573,0.1392±0.001152,48.79±24.35,12390,48.79±24.35,12390,8.184±14.06,1730,8,True,gpu,4,cuda,auto,NVIDIA L4,Linux,x86_64,7.0.0-1013-aws,#13~24.04.1-Ubuntu SMP PREEMPT Sat Sep  5 01:10:01 UTC 2026,AMD EPYC 7R13 Processor,4,15,NVIDIA L4: cuda_13.2,2.14.0,2.2.0,2.5.3,1.18.1,"rows & cols scaling + n_estimators, cuda, offload:gpu, kv cache on/off",1.0,0.1152±0.1068,,,2026-09-29
0b66e784,classification,16000,100,2,10,2,2.378±0.01494,2.332±0.01531,69.11±6.96,5434,32.49±6.96,113.2,69.11±6.96,5434,8,False,gpu,4,cuda,auto,NVIDIA L4,Linux,x86_64,7.0.0-1013-aws,#13~24.04.1-Ubuntu SMP PREEMPT Sat Sep  5 01:10:01 UTC 2026,AMD EPYC 7R13 Processor,4,15,NVIDIA L4: cuda_13.2,2.14.0,2.2.0,2.5.3,1.18.1,"rows & cols scaling + n_estimators, cuda, offload:gpu, kv cache on/off",0.8333±0.2887,0.2264±0.3489,,,2026-09-29
0b66e784,classification,16000,100,2,10,2,4.641±0.01139,0.1015±0.004356,16.2±14.02,5844,16.2±14.02,5844,16.2±14.02,934.5,8,True,gpu,4,cuda,auto,NVIDIA L4,Linux,x86_64,7.0.0-1013-aws,#13~24.04.1-Ubuntu SMP PREEMPT Sat Sep  5 01:10:01 UTC 2026,AMD EPYC 7R13 Processor,4,15,NVIDIA L4: cuda_13.2,2.14.0,2.2.0,2.5.3,1.18.1,"rows & cols scaling + n_estimators, cuda, offload:gpu, kv cache on/off",0.8333±0.2887,0.2266±0.3494,,,2026-09-29
01845bae,classification,16000,100,2,10,1,0.4101±0.004914,1.167±0.02449,62.01±30.04,5434,62.01±30.04,112.2,54.85±33.91,5434,8,False,gpu,4,cuda,auto,NVIDIA L4,Linux,x86_64,7.0.0-1013-aws,#13~24.04.1-Ubuntu SMP PREEMPT Sat Sep  5 01:10:01 UTC 2026,AMD EPYC 7R13 Processor,4,15,NVIDIA L4: cuda_13.2,2.14.0,2.2.0,2.5.3,1.18.1,"rows & cols scaling + n_estimators, cuda, offload:gpu, kv cache on/off",1.0,0.01252±0.01722,,,2026-09-29
01845bae,classification,16000,100,2,10,1,1.486±0.009124,0.05806±0.002553,8.142±14.1,5449,8.142±14.1,5449,8.142±14.1,537.1,8,True,gpu,4,cuda,auto,NVIDIA L4,Linux,x86_64,7.0.0-1013-aws,#13~24.04.1-Ubuntu SMP PREEMPT Sat Sep  5 01:10:01 UTC 2026,AMD EPYC 7R13 Processor,4,15,NVIDIA L4: cuda_13.2,2.14.0,2.2.0,2.5.3,1.18.1,"rows & cols scaling + n_estimators, cuda, offload:gpu, kv cache on/off",1.0,0.01253±0.01722,,,2026-09-29
f01e7803,classification,8000,200,10000,10,4,3.047±0.04514,11.41±1.87,3778±3728,11130,46.76±51.29,109.1,3778±3728,11130,8,False,cpu,4,cuda,auto,NVIDIA L4,Linux,x86_64,7.0.0-1013-aws,#13~24.04.1-Ubuntu SMP PREEMPT Sat Sep  5 01:10:01 UTC 2026,AMD EPYC 7R13 Processor,4,15,NVIDIA L4: cuda_13.2,2.14.0,2.2.0,2.5.3,1.18.1,"GPU offload at large n_test, kv cache off",0.8633±0.002042,0.5347±0.002728,,,2026-09-29
f01e7803,classification,8000,200,10000,10,4,3.11±0.02861,8.367±0.011,290±47.59,14660,134.6±76.47,108,290±47.59,14660,8,False,gpu,4,cuda,auto,NVIDIA L4,Linux,x86_64,7.0.0-1013-aws,#13~24.04.1-Ubuntu SMP PREEMPT Sat Sep  5 01:10:01 UTC 2026,AMD EPYC 7R13 Processor,4,15,NVIDIA L4: cuda_13.2,2.14.0,2.2.0,2.5.3,1.18.1,"GPU offload at large n_test, kv cache off",0.8633±0.002042,0.5347±0.002728,,,2026-09-29
f01e7803,classification,8000,200,10000,10,4,3.352±0.2384,100.4±0.817,4338±1151,11080,34.15±40.93,108.1,4338±1151,11080,8,False,disk,4,cuda,auto,NVIDIA L4,Linux,x86_64,7.0.0-1013-aws,#13~24.04.1-Ubuntu SMP PREEMPT Sat Sep  5 01:10:01 UTC 2026,AMD EPYC 7R13 Processor,4,15,NVIDIA L4: cuda_13.2,2.14.0,2.2.0,2.5.3,1.18.1,"GPU offload at large n_test, kv cache off",0.8633±0.002042,0.5347±0.002728,,,2026-09-29
e44a411c,classification,8000,100,8000,10,4,1.654±0.01159,4.13±0.02037,79.6±0.433,11780,56.49±2.002,112.5,79.6±0.433,11780,8,False,gpu,4,cuda,auto,NVIDIA L4,Linux,x86_64,7.0.0-1013-aws,#13~24.04.1-Ubuntu SMP PREEMPT Sat Sep  5 01:10:01 UTC 2026,AMD EPYC 7R13 Processor,4,15,NVIDIA L4: cuda_13.2,2.14.0,2.2.0,2.5.3,1.18.1,"rows & cols scaling + n_estimators, cuda, offload:gpu, kv cache on/off",0.9815±0.0005637,0.1298±0.00968,,,2026-09-29
e44a411c,classification,8000,100,8000,10,4,3.877±0.01018,1.915±0.02131,85.79±15.76,5900,85.79±15.76,5900,52.82±14.02,5848,8,True,gpu,4,cuda,auto,NVIDIA L4,Linux,x86_64,7.0.0-1013-aws,#13~24.04.1-Ubuntu SMP PREEMPT Sat Sep  5 01:10:01 UTC 2026,AMD EPYC 7R13 Processor,4,15,NVIDIA L4: cuda_13.2,2.14.0,2.2.0,2.5.3,1.18.1,"rows & cols scaling + n_estimators, cuda, offload:gpu, kv cache on/off",0.9815±0.0005637,0.1298±0.009674,,,2026-09-29
37831269,classification,8000,100,8000,10,2,1.669±0.01664,2.104±0.01477,83.66±19.2,5231,83.66±19.2,111.7,61±10.5,5231,8,False,gpu,4,cuda,auto,NVIDIA L4,Linux,x86_64,7.0.0-1013-aws,#13~24.04.1-Ubuntu SMP PREEMPT Sat Sep  5 01:10:01 UTC 2026,AMD EPYC 7R13 Processor,4,15,NVIDIA L4: cuda_13.2,2.14.0,2.2.0,2.5.3,1.18.1,"rows & cols scaling + n_estimators, cuda, offload:gpu, kv cache on/off",0.9663±0.001161,0.1709±0.008212,,,2026-09-29
37831269,classification,8000,100,8000,10,2,2.788±0.00679,1.042±0.009111,84.38±10.22,3009,84.38±10.22,3009,42.65±10.5,2982,8,True,gpu,4,cuda,auto,NVIDIA L4,Linux,x86_64,7.0.0-1013-aws,#13~24.04.1-Ubuntu SMP PREEMPT Sat Sep  5 01:10:01 UTC 2026,AMD EPYC 7R13 Processor,4,15,NVIDIA L4: cuda_13.2,2.14.0,2.2.0,2.5.3,1.18.1,"rows & cols scaling + n_estimators, cuda, offload:gpu, kv cache on/off",0.9663±0.001161,0.1709±0.008212,,,2026-09-29
bbf8161c,classification,8000,100,8000,10,1,0.3706±0.002224,1.048±0.001302,113.1±19.84,5229,113.1±19.84,110.2,50.79±12.64,5229,8,False,gpu,4,cuda,auto,NVIDIA L4,Linux,x86_64,7.0.0-1013-aws,#13~24.04.1-Ubuntu SMP PREEMPT Sat Sep  5 01:10:01 UTC 2026,AMD EPYC 7R13 Processor,4,15,NVIDIA L4: cuda_13.2,2.14.0,2.2.0,2.5.3,1.18.1,"rows & cols scaling + n_estimators, cuda, offload:gpu, kv cache on/off",0.9659±0.002132,0.1692±0.005871,,,2026-09-29
bbf8161c,classification,8000,100,8000,10,1,0.9077±0.01543,0.497±0.0118,104.8±13.17,2799,104.8±13.17,2799,24.34±12.15,2772,8,True,gpu,4,cuda,auto,NVIDIA L4,Linux,x86_64,7.0.0-1013-aws,#13~24.04.1-Ubuntu SMP PREEMPT Sat Sep  5 01:10:01 UTC 2026,AMD EPYC 7R13 Processor,4,15,NVIDIA L4: cuda_13.2,2.14.0,2.2.0,2.5.3,1.18.1,"rows & cols scaling + n_estimators, cuda, offload:gpu, kv cache on/off",0.9659±0.002132,0.1692±0.005871,,,2026-09-29
29bea5cb,classification,8000,100,2000,10,4,1.705±0.01486,2.708±0.01548,82.89±1.828,6671,82.89±1.828,110.8,39.64±3.96,6671,8,False,gpu,4,cuda,auto,NVIDIA L4,Linux,x86_64,7.0.0-1013-aws,#13~24.04.1-Ubuntu SMP PREEMPT Sat Sep  5 01:10:01 UTC 2026,AMD EPYC 7R13 Processor,4,15,NVIDIA L4: cuda_13.2,2.14.0,2.2.0,2.5.3,1.18.1,"rows & cols scaling + n_estimators, cuda, offload:gpu, kv cache on/off",0.982±0.000866,0.1321±0.02784,,,2026-09-29
29bea5cb,classification,8000,100,2000,10,4,3.855±0.02614,0.5385±0.01049,59.69±14.02,5897,59.69±14.02,5897,8.104±14.02,2172,8,True,gpu,4,cuda,auto,NVIDIA L4,Linux,x86_64,7.0.0-1013-aws,#13~24.04.1-Ubuntu SMP PREEMPT Sat Sep  5 01:10:01 UTC 2026,AMD EPYC 7R13 Processor,4,15,NVIDIA L4: cuda_13.2,2.14.0,2.2.0,2.5.3,1.18.1,"rows & cols scaling + n_estimators, cuda, offload:gpu, kv cache on/off",0.982±0.000866,0.1321±0.02783,,,2026-09-29
6762fa31,classification,8000,100,2000,10,2,1.672±0.009698,1.386±0.01803,82.3±3.952,3393,82.3±3.952,111,15.14±7.629,3393,8,False,gpu,4,cuda,auto,NVIDIA L4,Linux,x86_64,7.0.0-1013-aws,#13~24.04.1-Ubuntu SMP PREEMPT Sat Sep  5 01:10:01 UTC 2026,AMD EPYC 7R13 Processor,4,15,NVIDIA L4: cuda_13.2,2.14.0,2.2.0,2.5.3,1.18.1,"rows & cols scaling + n_estimators, cuda, offload:gpu, kv cache on/off",0.967±0.000866,0.1697±0.02603,,,2026-09-29
6762fa31,classification,8000,100,2000,10,2,2.793±0.005694,0.3107±0.006986,84.13±12.44,3008,84.13±12.44,3008,0.00390625,1142,8,True,gpu,4,cuda,auto,NVIDIA L4,Linux,x86_64,7.0.0-1013-aws,#13~24.04.1-Ubuntu SMP PREEMPT Sat Sep  5 01:10:01 UTC 2026,AMD EPYC 7R13 Processor,4,15,NVIDIA L4: cuda_13.2,2.14.0,2.2.0,2.5.3,1.18.1,"rows & cols scaling + n_estimators, cuda, offload:gpu, kv cache on/off",0.9668±0.0007638,0.1697±0.02602,,,2026-09-29
616ba503,classification,8000,100,2000,10,1,0.3415±0.005032,0.6753±0.00694,78.68±10.15,3393,78.68±10.15,110.7,5.027±4.351,3393,8,False,gpu,4,cuda,auto,NVIDIA L4,Linux,x86_64,7.0.0-1013-aws,#13~24.04.1-Ubuntu SMP PREEMPT Sat Sep  5 01:10:01 UTC 2026,AMD EPYC 7R13 Processor,4,15,NVIDIA L4: cuda_13.2,2.14.0,2.2.0,2.5.3,1.18.1,"rows & cols scaling + n_estimators, cuda, offload:gpu, kv cache on/off",0.9663±0.0002887,0.1685±0.02286,,,2026-09-29
616ba503,classification,8000,100,2000,10,1,0.8853±0.001289,0.1599±0.001193,83.05±4.075,2797,83.05±4.075,2797,0.00390625,933.2,8,True,gpu,4,cuda,auto,NVIDIA L4,Linux,x86_64,7.0.0-1013-aws,#13~24.04.1-Ubuntu SMP PREEMPT Sat Sep  5 01:10:01 UTC 2026,AMD EPYC 7R13 Processor,4,15,NVIDIA L4: cuda_13.2,2.14.0,2.2.0,2.5.3,1.18.1,"rows & cols scaling + n_estimators, cuda, offload:gpu, kv cache on/off",0.9663±0.0002887,0.1684±0.02286,,,2026-09-29
fb3f2ce7,classification,8000,100,500,10,4,1.678±0.001639,2.366±0.002661,72.6±8.296,5754,72.6±8.296,110.7,19.38±6.551,5754,8,False,gpu,4,cuda,auto,NVIDIA L4,Linux,x86_64,7.0.0-1013-aws,#13~24.04.1-Ubuntu SMP PREEMPT Sat Sep  5 01:10:01 UTC 2026,AMD EPYC 7R13 Processor,4,15,NVIDIA L4: cuda_13.2,2.14.0,2.2.0,2.5.3,1.18.1,"rows & cols scaling + n_estimators, cuda, offload:gpu, kv cache on/off",0.984±0.007211,0.1056±0.03059,,,2026-09-29
fb3f2ce7,classification,8000,100,500,10,4,3.839±0.002208,0.1898±0.003535,69.74±10.3,5898,69.74±10.3,5898,4.031±6.976,1248,8,True,gpu,4,cuda,auto,NVIDIA L4,Linux,x86_64,7.0.0-1013-aws,#13~24.04.1-Ubuntu SMP PREEMPT Sat Sep  5 01:10:01 UTC 2026,AMD EPYC 7R13 Processor,4,15,NVIDIA L4: cuda_13.2,2.14.0,2.2.0,2.5.3,1.18.1,"rows & cols scaling + n_estimators, cuda, offload:gpu, kv cache on/off",0.984±0.007211,0.1057±0.03061,,,2026-09-29
c2250ac6,classification,8000,100,500,10,2,1.68±0.003285,1.21±0.004627,80.64±3.672,2935,80.64±3.672,111.5,6.418±0.06395,2935,8,False,gpu,4,cuda,auto,NVIDIA L4,Linux,x86_64,7.0.0-1013-aws,#13~24.04.1-Ubuntu SMP PREEMPT Sat Sep  5 01:10:01 UTC 2026,AMD EPYC 7R13 Processor,4,15,NVIDIA L4: cuda_13.2,2.14.0,2.2.0,2.5.3,1.18.1,"rows & cols scaling + n_estimators, cuda, offload:gpu, kv cache on/off",0.976±0.009165,0.1301±0.03284,,,2026-09-29
c2250ac6,classification,8000,100,500,10,2,2.776±0.004675,0.121±0.005141,75.09±2.284,3007,75.09±2.284,3007,0.00651±0.004511,680.6,8,True,gpu,4,cuda,auto,NVIDIA L4,Linux,x86_64,7.0.0-1013-aws,#13~24.04.1-Ubuntu SMP PREEMPT Sat Sep  5 01:10:01 UTC 2026,AMD EPYC 7R13 Processor,4,15,NVIDIA L4: cuda_13.2,2.14.0,2.2.0,2.5.3,1.18.1,"rows & cols scaling + n_estimators, cuda, offload:gpu, kv cache on/off",0.976±0.009165,0.1301±0.03286,,,2026-09-29
a69854ec,classification,8000,100,500,10,1,0.3556±0.01555,0.5913±0.01487,82.21±4.041,2936,82.21±4.041,112.3,0.00390625,2936,8,False,gpu,4,cuda,auto,NVIDIA L4,Linux,x86_64,7.0.0-1013-aws,#13~24.04.1-Ubuntu SMP PREEMPT Sat Sep  5 01:10:01 UTC 2026,AMD EPYC 7R13 Processor,4,15,NVIDIA L4: cuda_13.2,2.14.0,2.2.0,2.5.3,1.18.1,"rows & cols scaling + n_estimators, cuda, offload:gpu, kv cache on/off",0.9747±0.01474,0.1353±0.06024,,,2026-09-29
a69854ec,classification,8000,100,500,10,1,0.8983±0.01738,0.07094±0.005276,90.18±3.113,2797,90.18±3.113,2797,0.00390625,472,8,True,gpu,4,cuda,auto,NVIDIA L4,Linux,x86_64,7.0.0-1013-aws,#13~24.04.1-Ubuntu SMP PREEMPT Sat Sep  5 01:10:01 UTC 2026,AMD EPYC 7R13 Processor,4,15,NVIDIA L4: cuda_13.2,2.14.0,2.2.0,2.5.3,1.18.1,"rows & cols scaling + n_estimators, cuda, offload:gpu, kv cache on/off",0.9747±0.01474,0.1352±0.06021,,,2026-09-29
77d7d86b,classification,8000,100,30,10,4,1.678±0.01267,2.261±0.00968,81.55±2.517,5464,81.55±2.517,110.1,26.43±3.541,5464,8,False,gpu,4,cuda,auto,NVIDIA L4,Linux,x86_64,7.0.0-1013-aws,#13~24.04.1-Ubuntu SMP PREEMPT Sat Sep  5 01:10:01 UTC 2026,AMD EPYC 7R13 Processor,4,15,NVIDIA L4: cuda_13.2,2.14.0,2.2.0,2.5.3,1.18.1,"rows & cols scaling + n_estimators, cuda, offload:gpu, kv cache on/off",0.9778±0.01925,0.214±0.1492,,,2026-09-29
77d7d86b,classification,8000,100,30,10,4,3.871±0.01207,0.1098±0.01169,79.21±1.155,5902,79.21±1.155,5902,0.00651±0.004511,976.9,8,True,gpu,4,cuda,auto,NVIDIA L4,Linux,x86_64,7.0.0-1013-aws,#13~24.04.1-Ubuntu SMP PREEMPT Sat Sep  5 01:10:01 UTC 2026,AMD EPYC 7R13 Processor,4,15,NVIDIA L4: cuda_13.2,2.14.0,2.2.0,2.5.3,1.18.1,"rows & cols scaling + n_estimators, cuda, offload:gpu, kv cache on/off",0.9778±0.01925,0.214±0.1494,,,2026-09-29
6a06654a,classification,8000,100,30,10,2,1.682±0.00989,1.139±0.00912,79.21±7.465,2790,79.21±7.465,112,4.092±6.96,2790,8,False,gpu,4,cuda,auto,NVIDIA L4,Linux,x86_64,7.0.0-1013-aws,#13~24.04.1-Ubuntu SMP PREEMPT Sat Sep  5 01:10:01 UTC 2026,AMD EPYC 7R13 Processor,4,15,NVIDIA L4: cuda_13.2,2.14.0,2.2.0,2.5.3,1.18.1,"rows & cols scaling + n_estimators, cuda, offload:gpu, kv cache on/off",0.9667±0.03333,0.2354±0.1635,,,2026-09-29
6a06654a,classification,8000,100,30,10,2,2.788±0.008305,0.09369±0.006769,81.21±4.726,3007,81.21±4.726,3007,0.007812±0.006766,559,8,True,gpu,4,cuda,auto,NVIDIA L4,Linux,x86_64,7.0.0-1013-aws,#13~24.04.1-Ubuntu SMP PREEMPT Sat Sep  5 01:10:01 UTC 2026,AMD EPYC 7R13 Processor,4,15,NVIDIA L4: cuda_13.2,2.14.0,2.2.0,2.5.3,1.18.1,"rows & cols scaling + n_estimators, cuda, offload:gpu, kv cache on/off",0.9667±0.03333,0.2352±0.1634,,,2026-09-29
4a33194e,classification,8000,100,30,10,1,0.342±0.005268,0.5581±0.004799,80.5±7.643,2790,80.5±7.643,110.9,8.049±3.536,2790,8,False,gpu,4,cuda,auto,NVIDIA L4,Linux,x86_64,7.0.0-1013-aws,#13~24.04.1-Ubuntu SMP PREEMPT Sat Sep  5 01:10:01 UTC 2026,AMD EPYC 7R13 Processor,4,15,NVIDIA L4: cuda_13.2,2.14.0,2.2.0,2.5.3,1.18.1,"rows & cols scaling + n_estimators, cuda, offload:gpu, kv cache on/off",0.9556±0.05092,0.1949±0.1368,,,2026-09-29
4a33194e,classification,8000,100,30,10,1,0.882±0.001229,0.06106±0.0006852,82.75390625,2797,82.75390625,2797,0.00390625,349.6,8,True,gpu,4,cuda,auto,NVIDIA L4,Linux,x86_64,7.0.0-1013-aws,#13~24.04.1-Ubuntu SMP PREEMPT Sat Sep  5 01:10:01 UTC 2026,AMD EPYC 7R13 Processor,4,15,NVIDIA L4: cuda_13.2,2.14.0,2.2.0,2.5.3,1.18.1,"rows & cols scaling + n_estimators, cuda, offload:gpu, kv cache on/off",0.9444±0.03849,0.1935±0.136,,,2026-09-29
a5d36ed8,classification,8000,100,2,10,4,1.69±0.01358,2.221±0.01544,97.16±7.123,5447,97.16±7.123,111.5,40.7±9.204,5447,8,False,gpu,4,cuda,auto,NVIDIA L4,Linux,x86_64,7.0.0-1013-aws,#13~24.04.1-Ubuntu SMP PREEMPT Sat Sep  5 01:10:01 UTC 2026,AMD EPYC 7R13 Processor,4,15,NVIDIA L4: cuda_13.2,2.14.0,2.2.0,2.5.3,1.18.1,"rows & cols scaling + n_estimators, cuda, offload:gpu, kv cache on/off",1.0,0.009354±0.001649,,,2026-09-29
a5d36ed8,classification,8000,100,2,10,4,3.905±0.01095,0.1239±0.003583,96.52±5.908,5903,96.52±5.908,5903,14.29±6.976,977.7,8,True,gpu,4,cuda,auto,NVIDIA L4,Linux,x86_64,7.0.0-1013-aws,#13~24.04.1-Ubuntu SMP PREEMPT Sat Sep  5 01:10:01 UTC 2026,AMD EPYC 7R13 Processor,4,15,NVIDIA L4: cuda_13.2,2.14.0,2.2.0,2.5.3,1.18.1,"rows & cols scaling + n_estimators, cuda, offload:gpu, kv cache on/off",1.0,0.009341±0.001636,,,2026-09-29
5dd39f29,classification,8000,100,2,10,2,1.707±0.01483,1.152±0.01582,120.5±3.916,2781,120.5±3.916,110.8,28.42±7.124,2781,8,False,gpu,4,cuda,auto,NVIDIA L4,Linux,x86_64,7.0.0-1013-aws,#13~24.04.1-Ubuntu SMP PREEMPT Sat Sep  5 01:10:01 UTC 2026,AMD EPYC 7R13 Processor,4,15,NVIDIA L4: cuda_13.2,2.14.0,2.2.0,2.5.3,1.18.1,"rows & cols scaling + n_estimators, cuda, offload:gpu, kv cache on/off",1.0,0.003748±0.001692,,,2026-09-29
5dd39f29,classification,8000,100,2,10,2,2.817±0.02331,0.09447±0.01133,106.9±3.602,3009,106.9±3.602,3009,16.19±3.453,564.3,8,True,gpu,4,cuda,auto,NVIDIA L4,Linux,x86_64,7.0.0-1013-aws,#13~24.04.1-Ubuntu SMP PREEMPT Sat Sep  5 01:10:01 UTC 2026,AMD EPYC 7R13 Processor,4,15,NVIDIA L4: cuda_13.2,2.14.0,2.2.0,2.5.3,1.18.1,"rows & cols scaling + n_estimators, cuda, offload:gpu, kv cache on/off",1.0,0.003747±0.001694,,,2026-09-29
de81a865,classification,8000,100,2,10,1,0.3752±0.01222,0.5696±0.01156,129.6±2.305,2781,129.6±2.305,111,4.034±3.487,2781,8,False,gpu,4,cuda,auto,NVIDIA L4,Linux,x86_64,7.0.0-1013-aws,#13~24.04.1-Ubuntu SMP PREEMPT Sat Sep  5 01:10:01 UTC 2026,AMD EPYC 7R13 Processor,4,15,NVIDIA L4: cuda_13.2,2.14.0,2.2.0,2.5.3,1.18.1,"rows & cols scaling + n_estimators, cuda, offload:gpu, kv cache on/off",1.0,0.001248±0.0005381,,,2026-09-29
de81a865,classification,8000,100,2,10,1,0.928±0.01883,0.06213±0.01095,128.9±7.831,2799,128.9±7.831,2799,10.13±9.309,352.3,8,True,gpu,4,cuda,auto,NVIDIA L4,Linux,x86_64,7.0.0-1013-aws,#13~24.04.1-Ubuntu SMP PREEMPT Sat Sep  5 01:10:01 UTC 2026,AMD EPYC 7R13 Processor,4,15,NVIDIA L4: cuda_13.2,2.14.0,2.2.0,2.5.3,1.18.1,"rows & cols scaling + n_estimators, cuda, offload:gpu, kv cache on/off",1.0,0.001253±0.00054,,,2026-09-29
d7237d13,classification,4000,200,10000,10,4,2.514±0.3293,6.352±0.0671,153.2±11.28,13600,18.76±16.44,109,153.2±11.28,13600,8,False,gpu,4,cuda,auto,NVIDIA L4,Linux,x86_64,7.0.0-1013-aws,#13~24.04.1-Ubuntu SMP PREEMPT Sat Sep  5 01:10:01 UTC 2026,AMD EPYC 7R13 Processor,4,15,NVIDIA L4: cuda_13.2,2.14.0,2.2.0,2.5.3,1.18.1,"GPU offload at large n_test, kv cache off",0.7819±0.008732,0.7597±0.03409,,,2026-09-29
d7237d13,classification,4000,200,10000,10,4,2.701±0.02286,69.09±0.4252,3257±37.96,11060,15.1±20.09,108.1,3257±37.96,11060,8,False,disk,4,cuda,auto,NVIDIA L4,Linux,x86_64,7.0.0-1013-aws,#13~24.04.1-Ubuntu SMP PREEMPT Sat Sep  5 01:10:01 UTC 2026,AMD EPYC 7R13 Processor,4,15,NVIDIA L4: cuda_13.2,2.14.0,2.2.0,2.5.3,1.18.1,"GPU offload at large n_test, kv cache off",0.7819±0.008732,0.7597±0.03409,,,2026-09-29
d7237d13,classification,4000,200,10000,10,4,3.218±1.227,60.88±19.15,3239±9.69,11060,6.987±5.451,109.1,3239±9.69,11060,8,False,cpu,4,cuda,auto,NVIDIA L4,Linux,x86_64,7.0.0-1013-aws,#13~24.04.1-Ubuntu SMP PREEMPT Sat Sep  5 01:10:01 UTC 2026,AMD EPYC 7R13 Processor,4,15,NVIDIA L4: cuda_13.2,2.14.0,2.2.0,2.5.3,1.18.1,"GPU offload at large n_test, kv cache off",0.7819±0.008732,0.7597±0.03409,,,2026-09-29
33f08152,classification,4000,200,200,10,4,2.234±0.009621,136.3±1.499,9386±31.15,0,3.327±5.752,0,9386±31.15,0,8,False,cpu,4,cpu,auto,,Linux,x86_64,7.0.0-1013-aws,#13~24.04.1-Ubuntu SMP PREEMPT Sat Sep  5 01:10:01 UTC 2026,AMD EPYC 7R13 Processor,4,15,NVIDIA L4: cuda_13.2,2.14.0,2.2.0,2.5.3,1.18.1,"offload modes GPU vs CPU, kv cache off, large scale",0.7717±0.01607,0.8537±0.04763,,,2026-09-29
33f08152,classification,4000,200,200,10,4,2.243±0.01919,135.4±0.2421,9381±21.94,0,8.103±14.03,0,9381±21.94,0,8,False,disk,4,cpu,auto,,Linux,x86_64,7.0.0-1013-aws,#13~24.04.1-Ubuntu SMP PREEMPT Sat Sep  5 01:10:01 UTC 2026,AMD EPYC 7R13 Processor,4,15,NVIDIA L4: cuda_13.2,2.14.0,2.2.0,2.5.3,1.18.1,"offload modes GPU vs CPU, kv cache off, large scale",0.7717±0.01607,0.8537±0.04763,,,2026-09-29
33f08152,classification,4000,200,200,10,4,2.301±0.006928,2.782±0.007651,475.1±3.286,5606,86.53±30.87,109.1,475.1±3.286,5606,8,False,cpu,4,cuda,auto,NVIDIA L4,Linux,x86_64,7.0.0-1013-aws,#13~24.04.1-Ubuntu SMP PREEMPT Sat Sep  5 01:10:01 UTC 2026,AMD EPYC 7R13 Processor,4,15,NVIDIA L4: cuda_13.2,2.14.0,2.2.0,2.5.3,1.18.1,"offload modes GPU vs CPU, kv cache off, large scale",0.7717±0.01607,0.8508±0.04835,,,2026-09-29
33f08152,classification,4000,200,200,10,4,2.301±0.007228,2.153±0.008974,75.35±8.518,5606,75.35±8.518,109,29.92±3.709,5606,8,False,gpu,4,cuda,auto,NVIDIA L4,Linux,x86_64,7.0.0-1013-aws,#13~24.04.1-Ubuntu SMP PREEMPT Sat Sep  5 01:10:01 UTC 2026,AMD EPYC 7R13 Processor,4,15,NVIDIA L4: cuda_13.2,2.14.0,2.2.0,2.5.3,1.18.1,"offload modes GPU vs CPU, kv cache off, large scale",0.7717±0.01607,0.8508±0.04835,,,2026-09-29
33f08152,classification,4000,200,200,10,4,2.327±0.03593,14.77±0.01595,1169±5.092,6390,97.64±31.6,108.1,1169±5.092,6390,8,False,disk,4,cuda,auto,NVIDIA L4,Linux,x86_64,7.0.0-1013-aws,#13~24.04.1-Ubuntu SMP PREEMPT Sat Sep  5 01:10:01 UTC 2026,AMD EPYC 7R13 Processor,4,15,NVIDIA L4: cuda_13.2,2.14.0,2.2.0,2.5.3,1.18.1,"offload modes GPU vs CPU, kv cache off, large scale",0.7717±0.01607,0.851±0.04808,,,2026-09-29
f78a5769,classification,4000,100,8000,10,4,1.321±0.01445,2.922±0.0184,133.8±17.46,7697,133.8±17.46,114.3,84.46±7.444,7697,8,False,gpu,4,cuda,auto,NVIDIA L4,Linux,x86_64,7.0.0-1013-aws,#13~24.04.1-Ubuntu SMP PREEMPT Sat Sep  5 01:10:01 UTC 2026,AMD EPYC 7R13 Processor,4,15,NVIDIA L4: cuda_13.2,2.14.0,2.2.0,2.5.3,1.18.1,"rows & cols scaling + n_estimators, cuda, offload:gpu, kv cache on/off",0.9734±0.002126,0.1555±0.006297,,,2026-09-29
f78a5769,classification,4000,100,8000,10,4,2.437±0.01602,1.858±0.01723,119.3±18.68,5466,119.3±18.68,3059,59.98±8.737,5466,8,True,gpu,4,cuda,auto,NVIDIA L4,Linux,x86_64,7.0.0-1013-aws,#13~24.04.1-Ubuntu SMP PREEMPT Sat Sep  5 01:10:01 UTC 2026,AMD EPYC 7R13 Processor,4,15,NVIDIA L4: cuda_13.2,2.14.0,2.2.0,2.5.3,1.18.1,"rows & cols scaling + n_estimators, cuda, offload:gpu, kv cache on/off",0.9734±0.002126,0.1555±0.006297,,,2026-09-29
9f141a1b,classification,4000,100,8000,10,2,1.344±0.02006,1.548±0.01231,145.8±14.37,3905,145.8±14.37,111.1,68.08±4.606,3905,8,False,gpu,4,cuda,auto,NVIDIA L4,Linux,x86_64,7.0.0-1013-aws,#13~24.04.1-Ubuntu SMP PREEMPT Sat Sep  5 01:10:01 UTC 2026,AMD EPYC 7R13 Processor,4,15,NVIDIA L4: cuda_13.2,2.14.0,2.2.0,2.5.3,1.18.1,"rows & cols scaling + n_estimators, cuda, offload:gpu, kv cache on/off",0.9518±0.003193,0.206±0.008876,,,2026-09-29
9f141a1b,classification,4000,100,8000,10,2,1.919±0.0185,1.016±0.02336,141.4±14.2,2794,141.4±14.2,1592,52.82±4.614,2794,8,True,gpu,4,cuda,auto,NVIDIA L4,Linux,x86_64,7.0.0-1013-aws,#13~24.04.1-Ubuntu SMP PREEMPT Sat Sep  5 01:10:01 UTC 2026,AMD EPYC 7R13 Processor,4,15,NVIDIA L4: cuda_13.2,2.14.0,2.2.0,2.5.3,1.18.1,"rows & cols scaling + n_estimators, cuda, offload:gpu, kv cache on/off",0.9518±0.003193,0.206±0.008875,,,2026-09-29
c3eb0ec5,classification,4000,100,8000,10,1,0.3385±0.002643,0.7427±0.007095,125.3±4.951,3907,125.3±4.951,113.1,41.59±7.05,3907,8,False,gpu,4,cuda,auto,NVIDIA L4,Linux,x86_64,7.0.0-1013-aws,#13~24.04.1-Ubuntu SMP PREEMPT Sat Sep  5 01:10:01 UTC 2026,AMD EPYC 7R13 Processor,4,15,NVIDIA L4: cuda_13.2,2.14.0,2.2.0,2.5.3,1.18.1,"rows & cols scaling + n_estimators, cuda, offload:gpu, kv cache on/off",0.9494±0.002411,0.21±0.007404,,,2026-09-29
c3eb0ec5,classification,4000,100,8000,10,1,0.6274±0.008254,0.4926±0.008741,139±18.32,2676,139±18.32,1476,32.73±4.043,2676,8,True,gpu,4,cuda,auto,NVIDIA L4,Linux,x86_64,7.0.0-1013-aws,#13~24.04.1-Ubuntu SMP PREEMPT Sat Sep  5 01:10:01 UTC 2026,AMD EPYC 7R13 Processor,4,15,NVIDIA L4: cuda_13.2,2.14.0,2.2.0,2.5.3,1.18.1,"rows & cols scaling + n_estimators, cuda, offload:gpu, kv cache on/off",0.9494±0.002411,0.21±0.007403,,,2026-09-29
4fa44690,classification,4000,100,2000,10,4,1.345±0.008589,1.563±0.009069,132.9±6.524,4024,132.9±6.524,114.1,23.96±9.137,4024,8,False,gpu,4,cuda,auto,NVIDIA L4,Linux,x86_64,7.0.0-1013-aws,#13~24.04.1-Ubuntu SMP PREEMPT Sat Sep  5 01:10:01 UTC 2026,AMD EPYC 7R13 Processor,4,15,NVIDIA L4: cuda_13.2,2.14.0,2.2.0,2.5.3,1.18.1,"rows & cols scaling + n_estimators, cuda, offload:gpu, kv cache on/off",0.97±0.004093,0.1637±0.03149,,,2026-09-29
4fa44690,classification,4000,100,2000,10,4,2.42±0.01056,0.5188±0.01794,128.5±8.432,3059,128.5±8.432,3059,0.00390625,1797,8,True,gpu,4,cuda,auto,NVIDIA L4,Linux,x86_64,7.0.0-1013-aws,#13~24.04.1-Ubuntu SMP PREEMPT Sat Sep  5 01:10:01 UTC 2026,AMD EPYC 7R13 Processor,4,15,NVIDIA L4: cuda_13.2,2.14.0,2.2.0,2.5.3,1.18.1,"rows & cols scaling + n_estimators, cuda, offload:gpu, kv cache on/off",0.97±0.004093,0.1637±0.03149,,,2026-09-29
8b0e2e81,classification,4000,100,2000,10,2,1.345±0.01127,0.8304±0.0102,138.8828125,2065,138.8828125,110.6,1.493±2.567,2065,8,False,gpu,4,cuda,auto,NVIDIA L4,Linux,x86_64,7.0.0-1013-aws,#13~24.04.1-Ubuntu SMP PREEMPT Sat Sep  5 01:10:01 UTC 2026,AMD EPYC 7R13 Processor,4,15,NVIDIA L4: cuda_13.2,2.14.0,2.2.0,2.5.3,1.18.1,"rows & cols scaling + n_estimators, cuda, offload:gpu, kv cache on/off",0.949±0.0025,0.2155±0.0325,,,2026-09-29
8b0e2e81,classification,4000,100,2000,10,2,1.928±0.01171,0.3208±0.014,138.4±1.88,1589,138.4±1.88,1589,0.00390625,952.9,8,True,gpu,4,cuda,auto,NVIDIA L4,Linux,x86_64,7.0.0-1013-aws,#13~24.04.1-Ubuntu SMP PREEMPT Sat Sep  5 01:10:01 UTC 2026,AMD EPYC 7R13 Processor,4,15,NVIDIA L4: cuda_13.2,2.14.0,2.2.0,2.5.3,1.18.1,"rows & cols scaling + n_estimators, cuda, offload:gpu, kv cache on/off",0.949±0.0025,0.2155±0.03249,,,2026-09-29
bc9610dd,classification,4000,100,2000,10,1,0.3448±0.001081,0.398±0.001898,135.9±2.002,2065,135.9±2.002,111.3,0.00390625,2065,8,False,gpu,4,cuda,auto,NVIDIA L4,Linux,x86_64,7.0.0-1013-aws,#13~24.04.1-Ubuntu SMP PREEMPT Sat Sep  5 01:10:01 UTC 2026,AMD EPYC 7R13 Processor,4,15,NVIDIA L4: cuda_13.2,2.14.0,2.2.0,2.5.3,1.18.1,"rows & cols scaling + n_estimators, cuda, offload:gpu, kv cache on/off",0.9518±0.004311,0.2183±0.03396,,,2026-09-29
bc9610dd,classification,4000,100,2000,10,1,0.6382±0.01455,0.1726±0.01487,139.2±1.528,1476,139.2±1.528,1476,0.6706±1.155,839,8,True,gpu,4,cuda,auto,NVIDIA L4,Linux,x86_64,7.0.0-1013-aws,#13~24.04.1-Ubuntu SMP PREEMPT Sat Sep  5 01:10:01 UTC 2026,AMD EPYC 7R13 Processor,4,15,NVIDIA L4: cuda_13.2,2.14.0,2.2.0,2.5.3,1.18.1,"rows & cols scaling + n_estimators, cuda, offload:gpu, kv cache on/off",0.9517±0.004368,0.2183±0.03401,,,2026-09-29
e4efd741,classification,4000,100,500,10,4,1.338±0.01824,1.229±0.01558,134.6±3.063,3104,134.6±3.063,112,7.931±1.945,3104,8,False,gpu,4,cuda,auto,NVIDIA L4,Linux,x86_64,7.0.0-1013-aws,#13~24.04.1-Ubuntu SMP PREEMPT Sat Sep  5 01:10:01 UTC 2026,AMD EPYC 7R13 Processor,4,15,NVIDIA L4: cuda_13.2,2.14.0,2.2.0,2.5.3,1.18.1,"rows & cols scaling + n_estimators, cuda, offload:gpu, kv cache on/off",0.972±0.01217,0.1571±0.04779,,,2026-09-29
e4efd741,classification,4000,100,500,10,4,2.427±0.009814,0.1941±0.008302,130.5±5.873,3062,130.5±5.873,3062,0.005208±0.002255,874.9,8,True,gpu,4,cuda,auto,NVIDIA L4,Linux,x86_64,7.0.0-1013-aws,#13~24.04.1-Ubuntu SMP PREEMPT Sat Sep  5 01:10:01 UTC 2026,AMD EPYC 7R13 Processor,4,15,NVIDIA L4: cuda_13.2,2.14.0,2.2.0,2.5.3,1.18.1,"rows & cols scaling + n_estimators, cuda, offload:gpu, kv cache on/off",0.972±0.01217,0.1571±0.0478,,,2026-09-29
d9700e82,classification,4000,100,500,10,2,1.351±0.00239,0.6441±0.001536,142.2±1.152,1606,142.2±1.152,112.2,0.01562±0.01033,1606,8,False,gpu,4,cuda,auto,NVIDIA L4,Linux,x86_64,7.0.0-1013-aws,#13~24.04.1-Ubuntu SMP PREEMPT Sat Sep  5 01:10:01 UTC 2026,AMD EPYC 7R13 Processor,4,15,NVIDIA L4: cuda_13.2,2.14.0,2.2.0,2.5.3,1.18.1,"rows & cols scaling + n_estimators, cuda, offload:gpu, kv cache on/off",0.9433±0.005033,0.2058±0.03643,,,2026-09-29
d9700e82,classification,4000,100,500,10,2,1.91±0.005782,0.1176±0.02313,141.5±2.082,1588,141.5±2.082,1588,1.677±2.881,490.3,8,True,gpu,4,cuda,auto,NVIDIA L4,Linux,x86_64,7.0.0-1013-aws,#13~24.04.1-Ubuntu SMP PREEMPT Sat Sep  5 01:10:01 UTC 2026,AMD EPYC 7R13 Processor,4,15,NVIDIA L4: cuda_13.2,2.14.0,2.2.0,2.5.3,1.18.1,"rows & cols scaling + n_estimators, cuda, offload:gpu, kv cache on/off",0.944±0.004,0.2058±0.03641,,,2026-09-29
a0719d4c,classification,4000,100,500,10,1,0.3471±0.002542,0.317±0.002751,137.9±3,1606,137.9±3,112.1,3.004±5.196,1606,8,False,gpu,4,cuda,auto,NVIDIA L4,Linux,x86_64,7.0.0-1013-aws,#13~24.04.1-Ubuntu SMP PREEMPT Sat Sep  5 01:10:01 UTC 2026,AMD EPYC 7R13 Processor,4,15,NVIDIA L4: cuda_13.2,2.14.0,2.2.0,2.5.3,1.18.1,"rows & cols scaling + n_estimators, cuda, offload:gpu, kv cache on/off",0.9507±0.01474,0.2108±0.02215,,,2026-09-29
a0719d4c,classification,4000,100,500,10,1,0.6288±0.001405,0.06114±0.001429,132.9±4.359,1476,132.9±4.359,1476,2.671±3.786,378.7,8,True,gpu,4,cuda,auto,NVIDIA L4,Linux,x86_64,7.0.0-1013-aws,#13~24.04.1-Ubuntu SMP PREEMPT Sat Sep  5 01:10:01 UTC 2026,AMD EPYC 7R13 Processor,4,15,NVIDIA L4: cuda_13.2,2.14.0,2.2.0,2.5.3,1.18.1,"rows & cols scaling + n_estimators, cuda, offload:gpu, kv cache on/off",0.9507±0.01474,0.2108±0.02213,,,2026-09-29
8d5a1016,classification,4000,100,30,10,4,1.334±0.006495,1.14±0.005957,135.9±0.002255,2818,135.9±0.002255,114.2,4.062±3.515,2818,8,False,gpu,4,cuda,auto,NVIDIA L4,Linux,x86_64,7.0.0-1013-aws,#13~24.04.1-Ubuntu SMP PREEMPT Sat Sep  5 01:10:01 UTC 2026,AMD EPYC 7R13 Processor,4,15,NVIDIA L4: cuda_13.2,2.14.0,2.2.0,2.5.3,1.18.1,"rows & cols scaling + n_estimators, cuda, offload:gpu, kv cache on/off",0.9556±0.05092,0.177±0.1751,,,2026-09-29
8d5a1016,classification,4000,100,30,10,4,2.436±0.003545,0.09127±0.0005896,133.6±3.241,3060,133.6±3.241,3060,0.00390625,597.8,8,True,gpu,4,cuda,auto,NVIDIA L4,Linux,x86_64,7.0.0-1013-aws,#13~24.04.1-Ubuntu SMP PREEMPT Sat Sep  5 01:10:01 UTC 2026,AMD EPYC 7R13 Processor,4,15,NVIDIA L4: cuda_13.2,2.14.0,2.2.0,2.5.3,1.18.1,"rows & cols scaling + n_estimators, cuda, offload:gpu, kv cache on/off",0.9556±0.05092,0.1767±0.1751,,,2026-09-29
40fa55fd,classification,4000,100,30,10,2,1.333±0.01093,0.6082±0.01121,137.8828125,1463,137.8828125,112.4,0.00390625,1463,8,False,gpu,4,cuda,auto,NVIDIA L4,Linux,x86_64,7.0.0-1013-aws,#13~24.04.1-Ubuntu SMP PREEMPT Sat Sep  5 01:10:01 UTC 2026,AMD EPYC 7R13 Processor,4,15,NVIDIA L4: cuda_13.2,2.14.0,2.2.0,2.5.3,1.18.1,"rows & cols scaling + n_estimators, cuda, offload:gpu, kv cache on/off",0.9444±0.03849,0.2391±0.1235,,,2026-09-29
40fa55fd,classification,4000,100,30,10,2,1.892±0.009427,0.078±0.008238,135.6±3.765,1590,135.6±3.765,1590,0.009115±0.005967,371.8,8,True,gpu,4,cuda,auto,NVIDIA L4,Linux,x86_64,7.0.0-1013-aws,#13~24.04.1-Ubuntu SMP PREEMPT Sat Sep  5 01:10:01 UTC 2026,AMD EPYC 7R13 Processor,4,15,NVIDIA L4: cuda_13.2,2.14.0,2.2.0,2.5.3,1.18.1,"rows & cols scaling + n_estimators, cuda, offload:gpu, kv cache on/off",0.9444±0.03849,0.2388±0.1238,,,2026-09-29
0ae23e96,classification,4000,100,30,10,1,0.3483±0.00282,0.2921±0.00298,137.6±5.673,1463,137.6±5.673,112.4,2.337±4.041,1463,8,False,gpu,4,cuda,auto,NVIDIA L4,Linux,x86_64,7.0.0-1013-aws,#13~24.04.1-Ubuntu SMP PREEMPT Sat Sep  5 01:10:01 UTC 2026,AMD EPYC 7R13 Processor,4,15,NVIDIA L4: cuda_13.2,2.14.0,2.2.0,2.5.3,1.18.1,"rows & cols scaling + n_estimators, cuda, offload:gpu, kv cache on/off",0.9556±0.07698,0.1744±0.2275,,,2026-09-29
0ae23e96,classification,4000,100,30,10,1,0.6361±0.01663,0.06115±0.01242,138.2±2.082,1475,138.2±2.082,1475,1.671±2.887,256.7,8,True,gpu,4,cuda,auto,NVIDIA L4,Linux,x86_64,7.0.0-1013-aws,#13~24.04.1-Ubuntu SMP PREEMPT Sat Sep  5 01:10:01 UTC 2026,AMD EPYC 7R13 Processor,4,15,NVIDIA L4: cuda_13.2,2.14.0,2.2.0,2.5.3,1.18.1,"rows & cols scaling + n_estimators, cuda, offload:gpu, kv cache on/off",0.9556±0.07698,0.1746±0.2274,,,2026-09-29
2d01310f,classification,4000,100,2,10,4,1.337±0.009025,1.125±0.009325,135.9±1.002,2799,135.9±1.002,114.7,2.046±3.526,2799,8,False,gpu,4,cuda,auto,NVIDIA L4,Linux,x86_64,7.0.0-1013-aws,#13~24.04.1-Ubuntu SMP PREEMPT Sat Sep  5 01:10:01 UTC 2026,AMD EPYC 7R13 Processor,4,15,NVIDIA L4: cuda_13.2,2.14.0,2.2.0,2.5.3,1.18.1,"rows & cols scaling + n_estimators, cuda, offload:gpu, kv cache on/off",1.0,0.03952±0.06067,,,2026-09-29
2d01310f,classification,4000,100,2,10,4,2.443±0.01131,0.1083±0.00319,137.9±3.453,3061,137.9±3.453,3061,1.999±3.452,598,8,True,gpu,4,cuda,auto,NVIDIA L4,Linux,x86_64,7.0.0-1013-aws,#13~24.04.1-Ubuntu SMP PREEMPT Sat Sep  5 01:10:01 UTC 2026,AMD EPYC 7R13 Processor,4,15,NVIDIA L4: cuda_13.2,2.14.0,2.2.0,2.5.3,1.18.1,"rows & cols scaling + n_estimators, cuda, offload:gpu, kv cache on/off",1.0,0.03942±0.0605,,,2026-09-29
e8be0438,classification,4000,100,2,10,2,1.341±0.004002,0.5965±0.005318,140.5±12.74,1457,140.5±12.74,111.2,14.69±12.76,1457,8,False,gpu,4,cuda,auto,NVIDIA L4,Linux,x86_64,7.0.0-1013-aws,#13~24.04.1-Ubuntu SMP PREEMPT Sat Sep  5 01:10:01 UTC 2026,AMD EPYC 7R13 Processor,4,15,NVIDIA L4: cuda_13.2,2.14.0,2.2.0,2.5.3,1.18.1,"rows & cols scaling + n_estimators, cuda, offload:gpu, kv cache on/off",1.0,0.09878±0.1578,,,2026-09-29
e8be0438,classification,4000,100,2,10,2,1.924±0.01923,0.07757±0.01017,142.2±9.866,1592,142.2±9.866,1592,7.671±8.021,375.1,8,True,gpu,4,cuda,auto,NVIDIA L4,Linux,x86_64,7.0.0-1013-aws,#13~24.04.1-Ubuntu SMP PREEMPT Sat Sep  5 01:10:01 UTC 2026,AMD EPYC 7R13 Processor,4,15,NVIDIA L4: cuda_13.2,2.14.0,2.2.0,2.5.3,1.18.1,"rows & cols scaling + n_estimators, cuda, offload:gpu, kv cache on/off",1.0,0.09833±0.157,,,2026-09-29
a46a46cf,classification,4000,100,2,10,1,0.3551±0.0137,0.2986±0.01524,139.5±3.055,1458,139.5±3.055,111.8,1.004±1.732,1458,8,False,gpu,4,cuda,auto,NVIDIA L4,Linux,x86_64,7.0.0-1013-aws,#13~24.04.1-Ubuntu SMP PREEMPT Sat Sep  5 01:10:01 UTC 2026,AMD EPYC 7R13 Processor,4,15,NVIDIA L4: cuda_13.2,2.14.0,2.2.0,2.5.3,1.18.1,"rows & cols scaling + n_estimators, cuda, offload:gpu, kv cache on/off",1.0,0.04014±0.02426,,,2026-09-29
a46a46cf,classification,4000,100,2,10,1,0.6268±0.004554,0.05289±0.004987,130.9±11.36,1477,130.9±11.36,1477,7.671±13.28,257.9,8,True,gpu,4,cuda,auto,NVIDIA L4,Linux,x86_64,7.0.0-1013-aws,#13~24.04.1-Ubuntu SMP PREEMPT Sat Sep  5 01:10:01 UTC 2026,AMD EPYC 7R13 Processor,4,15,NVIDIA L4: cuda_13.2,2.14.0,2.2.0,2.5.3,1.18.1,"rows & cols scaling + n_estimators, cuda, offload:gpu, kv cache on/off",1.0,0.04004±0.0242,,,2026-09-29
009f0c8d,classification,2000,200,10000,10,4,1.947±0.01454,7.483±1.733,3477±3253,11110,115.6±14.45,109.1,3477±3253,11110,8,False,cpu,4,cuda,auto,NVIDIA L4,Linux,x86_64,7.0.0-1013-aws,#13~24.04.1-Ubuntu SMP PREEMPT Sat Sep  5 01:10:01 UTC 2026,AMD EPYC 7R13 Processor,4,15,NVIDIA L4: cuda_13.2,2.14.0,2.2.0,2.5.3,1.18.1,"GPU offload at large n_test, kv cache off",0.6711±0.003134,1.048±0.01156,,,2026-09-29
009f0c8d,classification,2000,200,10000,10,4,1.968±0.03088,5.274±0.02463,211.8±47.23,13240,140.7±69.89,108,211.8±47.23,13240,8,False,gpu,4,cuda,auto,NVIDIA L4,Linux,x86_64,7.0.0-1013-aws,#13~24.04.1-Ubuntu SMP PREEMPT Sat Sep  5 01:10:01 UTC 2026,AMD EPYC 7R13 Processor,4,15,NVIDIA L4: cuda_13.2,2.14.0,2.2.0,2.5.3,1.18.1,"GPU offload at large n_test, kv cache off",0.6711±0.003134,1.048±0.01156,,,2026-09-29
009f0c8d,classification,2000,200,10000,10,4,1.97±0.02222,43.01±0.3967,4497±886.9,11050,131.6±1.15,108.1,4497±886.9,11050,8,False,disk,4,cuda,auto,NVIDIA L4,Linux,x86_64,7.0.0-1013-aws,#13~24.04.1-Ubuntu SMP PREEMPT Sat Sep  5 01:10:01 UTC 2026,AMD EPYC 7R13 Processor,4,15,NVIDIA L4: cuda_13.2,2.14.0,2.2.0,2.5.3,1.18.1,"GPU offload at large n_test, kv cache off",0.6711±0.003134,1.048±0.01156,,,2026-09-29
927bc2c4,classification,2000,200,200,10,4,1.887±0.01867,70.24±2.038,4927±24.86,0,2.4±4.14,0,4927±24.86,0,8,False,cpu,4,cpu,auto,,Linux,x86_64,7.0.0-1013-aws,#13~24.04.1-Ubuntu SMP PREEMPT Sat Sep  5 01:10:01 UTC 2026,AMD EPYC 7R13 Processor,4,15,NVIDIA L4: cuda_13.2,2.14.0,2.2.0,2.5.3,1.18.1,"offload modes GPU vs CPU, kv cache off, large scale",0.7167±0.01041,0.9398±0.03822,,,2026-09-29
927bc2c4,classification,2000,200,200,10,4,1.929±0.01851,69.18±0.179,5021±11.92,0,95.95±2.54,0,5021±11.92,0,8,False,disk,4,cpu,auto,,Linux,x86_64,7.0.0-1013-aws,#13~24.04.1-Ubuntu SMP PREEMPT Sat Sep  5 01:10:01 UTC 2026,AMD EPYC 7R13 Processor,4,15,NVIDIA L4: cuda_13.2,2.14.0,2.2.0,2.5.3,1.18.1,"offload modes GPU vs CPU, kv cache off, large scale",0.7167±0.01041,0.9398±0.03822,,,2026-09-29
927bc2c4,classification,2000,200,200,10,4,1.942±0.005206,1.536±0.004942,219.2±0.03368,3005,92.5±2.406,109.1,219.2±0.03368,3005,8,False,cpu,4,cuda,auto,NVIDIA L4,Linux,x86_64,7.0.0-1013-aws,#13~24.04.1-Ubuntu SMP PREEMPT Sat Sep  5 01:10:01 UTC 2026,AMD EPYC 7R13 Processor,4,15,NVIDIA L4: cuda_13.2,2.14.0,2.2.0,2.5.3,1.18.1,"offload modes GPU vs CPU, kv cache off, large scale",0.7167±0.01041,0.9402±0.03843,,,2026-09-29
927bc2c4,classification,2000,200,200,10,4,1.957±0.02682,1.217±0.006642,141±68,3004,141±68,108,54.4±68.44,3004,8,False,gpu,4,cuda,auto,NVIDIA L4,Linux,x86_64,7.0.0-1013-aws,#13~24.04.1-Ubuntu SMP PREEMPT Sat Sep  5 01:10:01 UTC 2026,AMD EPYC 7R13 Processor,4,15,NVIDIA L4: cuda_13.2,2.14.0,2.2.0,2.5.3,1.18.1,"offload modes GPU vs CPU, kv cache off, large scale",0.7167±0.01041,0.9402±0.03843,,,2026-09-29
927bc2c4,classification,2000,200,200,10,4,1.977±0.01114,6.955±0.01605,644.9±12.37,3400,109.2±1.163,108.1,644.9±12.37,3400,8,False,disk,4,cuda,auto,NVIDIA L4,Linux,x86_64,7.0.0-1013-aws,#13~24.04.1-Ubuntu SMP PREEMPT Sat Sep  5 01:10:01 UTC 2026,AMD EPYC 7R13 Processor,4,15,NVIDIA L4: cuda_13.2,2.14.0,2.2.0,2.5.3,1.18.1,"offload modes GPU vs CPU, kv cache off, large scale",0.7167±0.01041,0.9402±0.03835,,,2026-09-29
9f12c98b,classification,2000,100,8000,10,4,1.145±0.007605,2.331±0.008452,134.2±2.795,6366,134.2±2.795,110.1,75.67±7.043,6366,8,False,gpu,4,cuda,auto,NVIDIA L4,Linux,x86_64,7.0.0-1013-aws,#13~24.04.1-Ubuntu SMP PREEMPT Sat Sep  5 01:10:01 UTC 2026,AMD EPYC 7R13 Processor,4,15,NVIDIA L4: cuda_13.2,2.14.0,2.2.0,2.5.3,1.18.1,"rows & cols scaling + n_estimators, cuda, offload:gpu, kv cache on/off",0.9354±0.00525,0.2645±0.01808,,,2026-09-29
9f12c98b,classification,2000,100,8000,10,4,1.728±0.0009146,1.833±0.0007115,133.7±2.674,5287,133.7±2.674,1648,56.85±3.523,5287,8,True,gpu,4,cuda,auto,NVIDIA L4,Linux,x86_64,7.0.0-1013-aws,#13~24.04.1-Ubuntu SMP PREEMPT Sat Sep  5 01:10:01 UTC 2026,AMD EPYC 7R13 Processor,4,15,NVIDIA L4: cuda_13.2,2.14.0,2.2.0,2.5.3,1.18.1,"rows & cols scaling + n_estimators, cuda, offload:gpu, kv cache on/off",0.9354±0.00525,0.2645±0.01806,,,2026-09-29
3252c73e,classification,2000,100,8000,10,2,1.143±0.01088,1.252±0.01166,128.8±1.105,3240,128.8±1.105,111.6,58.37±7.048,3240,8,False,gpu,4,cuda,auto,NVIDIA L4,Linux,x86_64,7.0.0-1013-aws,#13~24.04.1-Ubuntu SMP PREEMPT Sat Sep  5 01:10:01 UTC 2026,AMD EPYC 7R13 Processor,4,15,NVIDIA L4: cuda_13.2,2.14.0,2.2.0,2.5.3,1.18.1,"rows & cols scaling + n_estimators, cuda, offload:gpu, kv cache on/off",0.9007±0.00852,0.3495±0.02423,,,2026-09-29
3252c73e,classification,2000,100,8000,10,2,1.439±0.006891,0.9877±0.002846,128.8±3.822,2702,128.8±3.822,878.4,42.6015625,2702,8,True,gpu,4,cuda,auto,NVIDIA L4,Linux,x86_64,7.0.0-1013-aws,#13~24.04.1-Ubuntu SMP PREEMPT Sat Sep  5 01:10:01 UTC 2026,AMD EPYC 7R13 Processor,4,15,NVIDIA L4: cuda_13.2,2.14.0,2.2.0,2.5.3,1.18.1,"rows & cols scaling + n_estimators, cuda, offload:gpu, kv cache on/off",0.9006±0.008445,0.3495±0.02423,,,2026-09-29
12bb7faa,classification,2000,100,8000,10,1,0.3344±0.0136,0.6028±0.01715,121.9±4.463,3236,121.9±4.463,107.9,25.84±6.072,3236,8,False,gpu,4,cuda,auto,NVIDIA L4,Linux,x86_64,7.0.0-1013-aws,#13~24.04.1-Ubuntu SMP PREEMPT Sat Sep  5 01:10:01 UTC 2026,AMD EPYC 7R13 Processor,4,15,NVIDIA L4: cuda_13.2,2.14.0,2.2.0,2.5.3,1.18.1,"rows & cols scaling + n_estimators, cuda, offload:gpu, kv cache on/off",0.8998±0.002672,0.3471±0.01217,,,2026-09-29
12bb7faa,classification,2000,100,8000,10,1,0.4793±0.001396,0.4815±0.001902,128.6±5.286,2631,128.6±5.286,809,24.29±0.002255,2631,8,True,gpu,4,cuda,auto,NVIDIA L4,Linux,x86_64,7.0.0-1013-aws,#13~24.04.1-Ubuntu SMP PREEMPT Sat Sep  5 01:10:01 UTC 2026,AMD EPYC 7R13 Processor,4,15,NVIDIA L4: cuda_13.2,2.14.0,2.2.0,2.5.3,1.18.1,"rows & cols scaling + n_estimators, cuda, offload:gpu, kv cache on/off",0.8998±0.002575,0.3471±0.01214,,,2026-09-29
5af38a80,classification,2000,100,2000,10,4,1.161±0.0141,1.055±0.01445,145.5±2.309,2692,145.5±2.309,110.7,6.712±7.017,2692,8,False,gpu,4,cuda,auto,NVIDIA L4,Linux,x86_64,7.0.0-1013-aws,#13~24.04.1-Ubuntu SMP PREEMPT Sat Sep  5 01:10:01 UTC 2026,AMD EPYC 7R13 Processor,4,15,NVIDIA L4: cuda_13.2,2.14.0,2.2.0,2.5.3,1.18.1,"rows & cols scaling + n_estimators, cuda, offload:gpu, kv cache on/off",0.9325±0.003775,0.2717±0.01114,,,2026-09-29
5af38a80,classification,2000,100,2000,10,4,1.762±0.01938,0.533±0.009098,135.5±1.528,1641,135.5±1.528,1641,0.005208±0.002255,1607,8,True,gpu,4,cuda,auto,NVIDIA L4,Linux,x86_64,7.0.0-1013-aws,#13~24.04.1-Ubuntu SMP PREEMPT Sat Sep  5 01:10:01 UTC 2026,AMD EPYC 7R13 Processor,4,15,NVIDIA L4: cuda_13.2,2.14.0,2.2.0,2.5.3,1.18.1,"rows & cols scaling + n_estimators, cuda, offload:gpu, kv cache on/off",0.9327±0.003512,0.2718±0.01115,,,2026-09-29
cb0af15f,classification,2000,100,2000,10,2,1.171±0.002302,0.5899±0.003468,138.2±1.155,1407,138.2±1.155,112.3,0.009115±0.005967,1407,8,False,gpu,4,cuda,auto,NVIDIA L4,Linux,x86_64,7.0.0-1013-aws,#13~24.04.1-Ubuntu SMP PREEMPT Sat Sep  5 01:10:01 UTC 2026,AMD EPYC 7R13 Processor,4,15,NVIDIA L4: cuda_13.2,2.14.0,2.2.0,2.5.3,1.18.1,"rows & cols scaling + n_estimators, cuda, offload:gpu, kv cache on/off",0.894±0.005679,0.3663±0.008718,,,2026-09-29
cb0af15f,classification,2000,100,2000,10,2,1.481±0.0006141,0.313±0.0016,142.2±4.041,885,142.2±4.041,885,0.00390625,871.1,8,True,gpu,4,cuda,auto,NVIDIA L4,Linux,x86_64,7.0.0-1013-aws,#13~24.04.1-Ubuntu SMP PREEMPT Sat Sep  5 01:10:01 UTC 2026,AMD EPYC 7R13 Processor,4,15,NVIDIA L4: cuda_13.2,2.14.0,2.2.0,2.5.3,1.18.1,"rows & cols scaling + n_estimators, cuda, offload:gpu, kv cache on/off",0.894±0.005679,0.3663±0.008706,,,2026-09-29
9fea6a0f,classification,2000,100,2000,10,1,0.3378±0.002758,0.2832±0.00279,137.5±3.512,1404,137.5±3.512,108.9,0.00390625,1404,8,False,gpu,4,cuda,auto,NVIDIA L4,Linux,x86_64,7.0.0-1013-aws,#13~24.04.1-Ubuntu SMP PREEMPT Sat Sep  5 01:10:01 UTC 2026,AMD EPYC 7R13 Processor,4,15,NVIDIA L4: cuda_13.2,2.14.0,2.2.0,2.5.3,1.18.1,"rows & cols scaling + n_estimators, cuda, offload:gpu, kv cache on/off",0.9015±0.004583,0.354±0.0162,,,2026-09-29
9fea6a0f,classification,2000,100,2000,10,1,0.4953±0.002311,0.1473±0.00254,137.9±3.606,811.3,137.9±3.606,811.3,4.004±3.606,796.1,8,True,gpu,4,cuda,auto,NVIDIA L4,Linux,x86_64,7.0.0-1013-aws,#13~24.04.1-Ubuntu SMP PREEMPT Sat Sep  5 01:10:01 UTC 2026,AMD EPYC 7R13 Processor,4,15,NVIDIA L4: cuda_13.2,2.14.0,2.2.0,2.5.3,1.18.1,"rows & cols scaling + n_estimators, cuda, offload:gpu, kv cache on/off",0.9013±0.004805,0.3541±0.0162,,,2026-09-29
b3250ea3,classification,2000,100,500,10,4,1.149±0.01093,0.7282±0.01816,130.2±1.155,1770,130.2±1.155,109.6,0.01823±0.01579,1770,8,False,gpu,4,cuda,auto,NVIDIA L4,Linux,x86_64,7.0.0-1013-aws,#13~24.04.1-Ubuntu SMP PREEMPT Sat Sep  5 01:10:01 UTC 2026,AMD EPYC 7R13 Processor,4,15,NVIDIA L4: cuda_13.2,2.14.0,2.2.0,2.5.3,1.18.1,"rows & cols scaling + n_estimators, cuda, offload:gpu, kv cache on/off",0.948±0.012,0.2293±0.04302,,,2026-09-29
b3250ea3,classification,2000,100,500,10,4,1.732±0.004,0.1866±0.003253,135.6±0.5785,1644,135.6±0.5785,1644,0.005208±0.002255,687.2,8,True,gpu,4,cuda,auto,NVIDIA L4,Linux,x86_64,7.0.0-1013-aws,#13~24.04.1-Ubuntu SMP PREEMPT Sat Sep  5 01:10:01 UTC 2026,AMD EPYC 7R13 Processor,4,15,NVIDIA L4: cuda_13.2,2.14.0,2.2.0,2.5.3,1.18.1,"rows & cols scaling + n_estimators, cuda, offload:gpu, kv cache on/off",0.948±0.012,0.2292±0.04302,,,2026-09-29
d47699cc,classification,2000,100,500,10,2,1.167±0.006418,0.4337±0.005637,130.5±1.528,947.3,130.5±1.528,115.7,0.01172±0.01353,947.3,8,False,gpu,4,cuda,auto,NVIDIA L4,Linux,x86_64,7.0.0-1013-aws,#13~24.04.1-Ubuntu SMP PREEMPT Sat Sep  5 01:10:01 UTC 2026,AMD EPYC 7R13 Processor,4,15,NVIDIA L4: cuda_13.2,2.14.0,2.2.0,2.5.3,1.18.1,"rows & cols scaling + n_estimators, cuda, offload:gpu, kv cache on/off",0.908±0.012,0.3104±0.04214,,,2026-09-29
d47699cc,classification,2000,100,500,10,2,1.468±0.007512,0.1296±0.007865,128.2±1.528,881.3,128.2±1.528,881.3,0.007812±0.003906,409.7,8,True,gpu,4,cuda,auto,NVIDIA L4,Linux,x86_64,7.0.0-1013-aws,#13~24.04.1-Ubuntu SMP PREEMPT Sat Sep  5 01:10:01 UTC 2026,AMD EPYC 7R13 Processor,4,15,NVIDIA L4: cuda_13.2,2.14.0,2.2.0,2.5.3,1.18.1,"rows & cols scaling + n_estimators, cuda, offload:gpu, kv cache on/off",0.9087±0.01222,0.3104±0.04219,,,2026-09-29
7ed9764b,classification,2000,100,500,10,1,0.3286±0.001262,0.2163±0.001069,122.9±3.606,943,122.9±3.606,112.1,0.00390625,943,8,False,gpu,4,cuda,auto,NVIDIA L4,Linux,x86_64,7.0.0-1013-aws,#13~24.04.1-Ubuntu SMP PREEMPT Sat Sep  5 01:10:01 UTC 2026,AMD EPYC 7R13 Processor,4,15,NVIDIA L4: cuda_13.2,2.14.0,2.2.0,2.5.3,1.18.1,"rows & cols scaling + n_estimators, cuda, offload:gpu, kv cache on/off",0.914±0.01039,0.3133±0.04792,,,2026-09-29
7ed9764b,classification,2000,100,500,10,1,0.4924±0.002484,0.05269±0.001801,128.9±5.196,811.1,128.9±5.196,811.1,0.00390625,336.2,8,True,gpu,4,cuda,auto,NVIDIA L4,Linux,x86_64,7.0.0-1013-aws,#13~24.04.1-Ubuntu SMP PREEMPT Sat Sep  5 01:10:01 UTC 2026,AMD EPYC 7R13 Processor,4,15,NVIDIA L4: cuda_13.2,2.14.0,2.2.0,2.5.3,1.18.1,"rows & cols scaling + n_estimators, cuda, offload:gpu, kv cache on/off",0.9147±0.01155,0.3133±0.0479,,,2026-09-29
1e8090f9,classification,2000,100,30,10,4,1.164±0.01499,0.6314±0.01869,122.9±2.646,1483,122.9±2.646,109.9,0.00390625,1483,8,False,gpu,4,cuda,auto,NVIDIA L4,Linux,x86_64,7.0.0-1013-aws,#13~24.04.1-Ubuntu SMP PREEMPT Sat Sep  5 01:10:01 UTC 2026,AMD EPYC 7R13 Processor,4,15,NVIDIA L4: cuda_13.2,2.14.0,2.2.0,2.5.3,1.18.1,"rows & cols scaling + n_estimators, cuda, offload:gpu, kv cache on/off",0.9556±0.05092,0.1835±0.1127,,,2026-09-29
1e8090f9,classification,2000,100,30,10,4,1.723±0.005832,0.09617±0.004746,118.9±3.606,1645,118.9±3.606,1645,0.00390625,413.5,8,True,gpu,4,cuda,auto,NVIDIA L4,Linux,x86_64,7.0.0-1013-aws,#13~24.04.1-Ubuntu SMP PREEMPT Sat Sep  5 01:10:01 UTC 2026,AMD EPYC 7R13 Processor,4,15,NVIDIA L4: cuda_13.2,2.14.0,2.2.0,2.5.3,1.18.1,"rows & cols scaling + n_estimators, cuda, offload:gpu, kv cache on/off",0.9556±0.05092,0.1832±0.112,,,2026-09-29
8e89d014,classification,2000,100,30,10,2,1.15±0.001912,0.327±0.001489,121.9±2,803,121.9±2,111.8,0.01953±0.0179,803,8,False,gpu,4,cuda,auto,NVIDIA L4,Linux,x86_64,7.0.0-1013-aws,#13~24.04.1-Ubuntu SMP PREEMPT Sat Sep  5 01:10:01 UTC 2026,AMD EPYC 7R13 Processor,4,15,NVIDIA L4: cuda_13.2,2.14.0,2.2.0,2.5.3,1.18.1,"rows & cols scaling + n_estimators, cuda, offload:gpu, kv cache on/off",0.8889±0.05092,0.3219±0.129,,,2026-09-29
8e89d014,classification,2000,100,30,10,2,1.461±0.002688,0.1092±0.002554,116.6±2.457,880.1,116.6±2.457,880.1,0.00390625,281.4,8,True,gpu,4,cuda,auto,NVIDIA L4,Linux,x86_64,7.0.0-1013-aws,#13~24.04.1-Ubuntu SMP PREEMPT Sat Sep  5 01:10:01 UTC 2026,AMD EPYC 7R13 Processor,4,15,NVIDIA L4: cuda_13.2,2.14.0,2.2.0,2.5.3,1.18.1,"rows & cols scaling + n_estimators, cuda, offload:gpu, kv cache on/off",0.8889±0.05092,0.3215±0.1287,,,2026-09-29
9eed5a9d,classification,2000,100,30,10,1,0.3313±0.002182,0.1737±0.002036,128.2±4.041,803.7,128.2±4.041,113.2,0.00390625,803.7,8,False,gpu,4,cuda,auto,NVIDIA L4,Linux,x86_64,7.0.0-1013-aws,#13~24.04.1-Ubuntu SMP PREEMPT Sat Sep  5 01:10:01 UTC 2026,AMD EPYC 7R13 Processor,4,15,NVIDIA L4: cuda_13.2,2.14.0,2.2.0,2.5.3,1.18.1,"rows & cols scaling + n_estimators, cuda, offload:gpu, kv cache on/off",0.9±0.03333,0.2895±0.08257,,,2026-09-29
9eed5a9d,classification,2000,100,30,10,1,0.4777±0.001702,0.04952±0.001803,128.2±1.155,809.9,128.2±1.155,809.9,2.337±4.041,212.8,8,True,gpu,4,cuda,auto,NVIDIA L4,Linux,x86_64,7.0.0-1013-aws,#13~24.04.1-Ubuntu SMP PREEMPT Sat Sep  5 01:10:01 UTC 2026,AMD EPYC 7R13 Processor,4,15,NVIDIA L4: cuda_13.2,2.14.0,2.2.0,2.5.3,1.18.1,"rows & cols scaling + n_estimators, cuda, offload:gpu, kv cache on/off",0.9±0.03333,0.2891±0.08212,,,2026-09-29
fd07a6bb,classification,2000,100,2,10,4,1.151±0.0112,0.5954±0.02372,127.9±1.732,1468,127.9±1.732,108.2,0.00390625,1468,8,False,gpu,4,cuda,auto,NVIDIA L4,Linux,x86_64,7.0.0-1013-aws,#13~24.04.1-Ubuntu SMP PREEMPT Sat Sep  5 01:10:01 UTC 2026,AMD EPYC 7R13 Processor,4,15,NVIDIA L4: cuda_13.2,2.14.0,2.2.0,2.5.3,1.18.1,"rows & cols scaling + n_estimators, cuda, offload:gpu, kv cache on/off",1.0,0.1848±0.1539,,,2026-09-29
fd07a6bb,classification,2000,100,2,10,4,1.71±0.01075,0.09426±0.0175,129.2±1.156,1645,129.2±1.156,1645,0.005208±0.002255,411.4,8,True,gpu,4,cuda,auto,NVIDIA L4,Linux,x86_64,7.0.0-1013-aws,#13~24.04.1-Ubuntu SMP PREEMPT Sat Sep  5 01:10:01 UTC 2026,AMD EPYC 7R13 Processor,4,15,NVIDIA L4: cuda_13.2,2.14.0,2.2.0,2.5.3,1.18.1,"rows & cols scaling + n_estimators, cuda, offload:gpu, kv cache on/off",1.0,0.1847±0.1538,,,2026-09-29
34bc7af3,classification,2000,100,2,10,2,1.149±0.004485,0.324±0.002855,129.5±0.5774,792.5,129.5±0.5774,112.9,0.00390625,792.5,8,False,gpu,4,cuda,auto,NVIDIA L4,Linux,x86_64,7.0.0-1013-aws,#13~24.04.1-Ubuntu SMP PREEMPT Sat Sep  5 01:10:01 UTC 2026,AMD EPYC 7R13 Processor,4,15,NVIDIA L4: cuda_13.2,2.14.0,2.2.0,2.5.3,1.18.1,"rows & cols scaling + n_estimators, cuda, offload:gpu, kv cache on/off",0.8333±0.2887,0.3303±0.35,,,2026-09-29
34bc7af3,classification,2000,100,2,10,2,1.446±0.004661,0.06284±0.003995,128.8828125,881.3,128.8828125,881.3,0.00390625,285.7,8,True,gpu,4,cuda,auto,NVIDIA L4,Linux,x86_64,7.0.0-1013-aws,#13~24.04.1-Ubuntu SMP PREEMPT Sat Sep  5 01:10:01 UTC 2026,AMD EPYC 7R13 Processor,4,15,NVIDIA L4: cuda_13.2,2.14.0,2.2.0,2.5.3,1.18.1,"rows & cols scaling + n_estimators, cuda, offload:gpu, kv cache on/off",0.8333±0.2887,0.3304±0.3503,,,2026-09-29
5f730165,classification,2000,100,2,10,1,0.3313±0.0007397,0.1815±0.0008171,133.5±1.528,791.2,133.5±1.528,111.6,3.004±3.606,791.2,8,False,gpu,4,cuda,auto,NVIDIA L4,Linux,x86_64,7.0.0-1013-aws,#13~24.04.1-Ubuntu SMP PREEMPT Sat Sep  5 01:10:01 UTC 2026,AMD EPYC 7R13 Processor,4,15,NVIDIA L4: cuda_13.2,2.14.0,2.2.0,2.5.3,1.18.1,"rows & cols scaling + n_estimators, cuda, offload:gpu, kv cache on/off",1.0,0.3441±0.2652,,,2026-09-29
5f730165,classification,2000,100,2,10,1,0.4857±0.002003,0.04248±0.00215,131.2±0.5774,810.7,131.2±0.5774,810.7,0.00390625,212.7,8,True,gpu,4,cuda,auto,NVIDIA L4,Linux,x86_64,7.0.0-1013-aws,#13~24.04.1-Ubuntu SMP PREEMPT Sat Sep  5 01:10:01 UTC 2026,AMD EPYC 7R13 Processor,4,15,NVIDIA L4: cuda_13.2,2.14.0,2.2.0,2.5.3,1.18.1,"rows & cols scaling + n_estimators, cuda, offload:gpu, kv cache on/off",1.0,0.3439±0.2648,,,2026-09-29
0c81787c,classification,1000,500,8000,10,4,3.956±0.02884,9.287±0.003275,378.8±17.64,14150,17.72±15.77,111.2,378.8±17.64,14150,8,False,gpu,4,cuda,auto,NVIDIA L4,Linux,x86_64,7.0.0-1013-aws,#13~24.04.1-Ubuntu SMP PREEMPT Sat Sep  5 01:10:01 UTC 2026,AMD EPYC 7R13 Processor,4,15,NVIDIA L4: cuda_13.2,2.14.0,2.2.0,2.5.3,1.18.1,"rows & cols scaling + n_estimators, cuda, offload:gpu, kv cache on/off",0.362±0.01524,2.008±0.07605,,,2026-09-29
0c81787c,classification,1000,500,8000,10,4,5.301±0.01817,8.077±0.01495,312.4±19.38,13930,17.05±16.32,3882,312.4±19.38,13930,8,True,gpu,4,cuda,auto,NVIDIA L4,Linux,x86_64,7.0.0-1013-aws,#13~24.04.1-Ubuntu SMP PREEMPT Sat Sep  5 01:10:01 UTC 2026,AMD EPYC 7R13 Processor,4,15,NVIDIA L4: cuda_13.2,2.14.0,2.2.0,2.5.3,1.18.1,"rows & cols scaling + n_estimators, cuda, offload:gpu, kv cache on/off",0.3622±0.01534,2.008±0.0759,,,2026-09-29
e873b474,classification,1000,500,8000,10,2,3.937±0.04511,5.011±0.01246,318.9±18.27,12020,16.68±17.62,110.7,318.9±18.27,12020,8,False,gpu,4,cuda,auto,NVIDIA L4,Linux,x86_64,7.0.0-1013-aws,#13~24.04.1-Ubuntu SMP PREEMPT Sat Sep  5 01:10:01 UTC 2026,AMD EPYC 7R13 Processor,4,15,NVIDIA L4: cuda_13.2,2.14.0,2.2.0,2.5.3,1.18.1,"rows & cols scaling + n_estimators, cuda, offload:gpu, kv cache on/off",0.3322±0.01097,2.158±0.08324,,,2026-09-29
e873b474,classification,1000,500,8000,10,2,4.598±0.0383,4.456±0.01777,254.2±17.62,11730,11.38±16.94,1995,254.2±17.62,11730,8,True,gpu,4,cuda,auto,NVIDIA L4,Linux,x86_64,7.0.0-1013-aws,#13~24.04.1-Ubuntu SMP PREEMPT Sat Sep  5 01:10:01 UTC 2026,AMD EPYC 7R13 Processor,4,15,NVIDIA L4: cuda_13.2,2.14.0,2.2.0,2.5.3,1.18.1,"rows & cols scaling + n_estimators, cuda, offload:gpu, kv cache on/off",0.3318±0.01144,2.158±0.08268,,,2026-09-29
f6583fe3,classification,1000,500,8000,10,1,0.3041±0.01345,2.377±0.01549,140.3±21.2,12110,9.479±8.154,115.3,140.3±21.2,12110,8,False,gpu,4,cuda,auto,NVIDIA L4,Linux,x86_64,7.0.0-1013-aws,#13~24.04.1-Ubuntu SMP PREEMPT Sat Sep  5 01:10:01 UTC 2026,AMD EPYC 7R13 Processor,4,15,NVIDIA L4: cuda_13.2,2.14.0,2.2.0,2.5.3,1.18.1,"rows & cols scaling + n_estimators, cuda, offload:gpu, kv cache on/off",0.3375±0.004502,2.104±0.05322,,,2026-09-29
f6583fe3,classification,1000,500,8000,10,1,0.616±0.00263,2.098±0.003637,152.46484375,11750,8.868±2.298,1879,152.46484375,11750,8,True,gpu,4,cuda,auto,NVIDIA L4,Linux,x86_64,7.0.0-1013-aws,#13~24.04.1-Ubuntu SMP PREEMPT Sat Sep  5 01:10:01 UTC 2026,AMD EPYC 7R13 Processor,4,15,NVIDIA L4: cuda_13.2,2.14.0,2.2.0,2.5.3,1.18.1,"rows & cols scaling + n_estimators, cuda, offload:gpu, kv cache on/off",0.3376±0.004861,2.104±0.05306,,,2026-09-29
04c5395b,classification,1000,500,2000,10,4,4.018±0.04066,3.465±0.01021,94.73±0.8863,9390,78.27±13.41,111,93.64±2.785,9390,8,False,gpu,4,cuda,auto,NVIDIA L4,Linux,x86_64,7.0.0-1013-aws,#13~24.04.1-Ubuntu SMP PREEMPT Sat Sep  5 01:10:01 UTC 2026,AMD EPYC 7R13 Processor,4,15,NVIDIA L4: cuda_13.2,2.14.0,2.2.0,2.5.3,1.18.1,"rows & cols scaling + n_estimators, cuda, offload:gpu, kv cache on/off",0.3632±0.009251,2.015±0.06757,,,2026-09-29
04c5395b,classification,1000,500,2000,10,4,5.405±0.02992,2.172±0.005807,77.49±1.657,6524,77.49±1.657,3881,68.63±0.07217,6524,8,True,gpu,4,cuda,auto,NVIDIA L4,Linux,x86_64,7.0.0-1013-aws,#13~24.04.1-Ubuntu SMP PREEMPT Sat Sep  5 01:10:01 UTC 2026,AMD EPYC 7R13 Processor,4,15,NVIDIA L4: cuda_13.2,2.14.0,2.2.0,2.5.3,1.18.1,"rows & cols scaling + n_estimators, cuda, offload:gpu, kv cache on/off",0.3635±0.009579,2.016±0.06758,,,2026-09-29
90c86b54,classification,1000,500,2000,10,2,4.027±0.03044,1.855±0.01291,94.19±6.212,4751,94.19±6.212,108.5,78.32±6.317,4751,8,False,gpu,4,cuda,auto,NVIDIA L4,Linux,x86_64,7.0.0-1013-aws,#13~24.04.1-Ubuntu SMP PREEMPT Sat Sep  5 01:10:01 UTC 2026,AMD EPYC 7R13 Processor,4,15,NVIDIA L4: cuda_13.2,2.14.0,2.2.0,2.5.3,1.18.1,"rows & cols scaling + n_estimators, cuda, offload:gpu, kv cache on/off",0.3233±0.006788,2.161±0.09587,,,2026-09-29
90c86b54,classification,1000,500,2000,10,2,4.731±0.02901,1.226±0.02504,106.8±6.113,3312,106.8±6.113,1993,46.02±24.26,3312,8,True,gpu,4,cuda,auto,NVIDIA L4,Linux,x86_64,7.0.0-1013-aws,#13~24.04.1-Ubuntu SMP PREEMPT Sat Sep  5 01:10:01 UTC 2026,AMD EPYC 7R13 Processor,4,15,NVIDIA L4: cuda_13.2,2.14.0,2.2.0,2.5.3,1.18.1,"rows & cols scaling + n_estimators, cuda, offload:gpu, kv cache on/off",0.3232±0.006658,2.161±0.09575,,,2026-09-29
db9c81f2,classification,1000,500,2000,10,1,0.3377±0.006123,0.8836±0.004535,98.89±12.81,4753,98.89±12.81,111.3,43.11±4.406,4753,8,False,gpu,4,cuda,auto,NVIDIA L4,Linux,x86_64,7.0.0-1013-aws,#13~24.04.1-Ubuntu SMP PREEMPT Sat Sep  5 01:10:01 UTC 2026,AMD EPYC 7R13 Processor,4,15,NVIDIA L4: cuda_13.2,2.14.0,2.2.0,2.5.3,1.18.1,"rows & cols scaling + n_estimators, cuda, offload:gpu, kv cache on/off",0.3278±0.006788,2.17±0.04214,,,2026-09-29
db9c81f2,classification,1000,500,2000,10,1,0.6818±0.002836,0.5768±0.003426,93.27±4.212,3194,93.27±4.212,1874,20.22±11.65,3194,8,True,gpu,4,cuda,auto,NVIDIA L4,Linux,x86_64,7.0.0-1013-aws,#13~24.04.1-Ubuntu SMP PREEMPT Sat Sep  5 01:10:01 UTC 2026,AMD EPYC 7R13 Processor,4,15,NVIDIA L4: cuda_13.2,2.14.0,2.2.0,2.5.3,1.18.1,"rows & cols scaling + n_estimators, cuda, offload:gpu, kv cache on/off",0.328±0.007053,2.17±0.0422,,,2026-09-29
b3da3d38,classification,1000,500,500,10,4,4.078±0.07727,1.909±0.01186,90.43±7.524,4936,90.43±7.524,109.8,13.24±3.313,4936,8,False,gpu,4,cuda,auto,NVIDIA L4,Linux,x86_64,7.0.0-1013-aws,#13~24.04.1-Ubuntu SMP PREEMPT Sat Sep  5 01:10:01 UTC 2026,AMD EPYC 7R13 Processor,4,15,NVIDIA L4: cuda_13.2,2.14.0,2.2.0,2.5.3,1.18.1,"rows & cols scaling + n_estimators, cuda, offload:gpu, kv cache on/off",0.3587±0.03301,2.01±0.09888,,,2026-09-29
b3da3d38,classification,1000,500,500,10,4,5.444±0.01855,0.6552±0.01243,100.1±9.997,3881,100.1±9.997,3881,0.009115±0.005967,2074,8,True,gpu,4,cuda,auto,NVIDIA L4,Linux,x86_64,7.0.0-1013-aws,#13~24.04.1-Ubuntu SMP PREEMPT Sat Sep  5 01:10:01 UTC 2026,AMD EPYC 7R13 Processor,4,15,NVIDIA L4: cuda_13.2,2.14.0,2.2.0,2.5.3,1.18.1,"rows & cols scaling + n_estimators, cuda, offload:gpu, kv cache on/off",0.3593±0.03384,2.01±0.09895,,,2026-09-29
af418153,classification,1000,500,500,10,2,4.068±0.02111,1.038±0.01916,96.88±0.002255,2528,96.88±0.002255,109.9,0.01562±0.007812,2528,8,False,gpu,4,cuda,auto,NVIDIA L4,Linux,x86_64,7.0.0-1013-aws,#13~24.04.1-Ubuntu SMP PREEMPT Sat Sep  5 01:10:01 UTC 2026,AMD EPYC 7R13 Processor,4,15,NVIDIA L4: cuda_13.2,2.14.0,2.2.0,2.5.3,1.18.1,"rows & cols scaling + n_estimators, cuda, offload:gpu, kv cache on/off",0.3253±0.02802,2.134±0.07861,,,2026-09-29
af418153,classification,1000,500,500,10,2,4.67±0.06377,0.347±0.01032,98.22±3.786,1991,98.22±3.786,1991,0.005208±0.002255,1086,8,True,gpu,4,cuda,auto,NVIDIA L4,Linux,x86_64,7.0.0-1013-aws,#13~24.04.1-Ubuntu SMP PREEMPT Sat Sep  5 01:10:01 UTC 2026,AMD EPYC 7R13 Processor,4,15,NVIDIA L4: cuda_13.2,2.14.0,2.2.0,2.5.3,1.18.1,"rows & cols scaling + n_estimators, cuda, offload:gpu, kv cache on/off",0.326±0.02691,2.134±0.07859,,,2026-09-29
34ce6e62,classification,1000,500,500,10,1,0.3412±0.01376,0.5082±0.0165,95.21±2.517,2530,95.21±2.517,112.5,0.00390625,2530,8,False,gpu,4,cuda,auto,NVIDIA L4,Linux,x86_64,7.0.0-1013-aws,#13~24.04.1-Ubuntu SMP PREEMPT Sat Sep  5 01:10:01 UTC 2026,AMD EPYC 7R13 Processor,4,15,NVIDIA L4: cuda_13.2,2.14.0,2.2.0,2.5.3,1.18.1,"rows & cols scaling + n_estimators, cuda, offload:gpu, kv cache on/off",0.324±0.026,2.191±0.1264,,,2026-09-29
34ce6e62,classification,1000,500,500,10,1,0.6804±0.01592,0.1808±0.01467,101.9±2.003,1872,101.9±2.003,1872,0.00390625,968,8,True,gpu,4,cuda,auto,NVIDIA L4,Linux,x86_64,7.0.0-1013-aws,#13~24.04.1-Ubuntu SMP PREEMPT Sat Sep  5 01:10:01 UTC 2026,AMD EPYC 7R13 Processor,4,15,NVIDIA L4: cuda_13.2,2.14.0,2.2.0,2.5.3,1.18.1,"rows & cols scaling + n_estimators, cuda, offload:gpu, kv cache on/off",0.324±0.026,2.191±0.1261,,,2026-09-29
dd5fef11,classification,1000,500,30,10,4,4.017±0.03695,1.458±0.007918,92.88±1.732,3541,92.88±1.732,110,0.00390625,3541,8,False,gpu,4,cuda,auto,NVIDIA L4,Linux,x86_64,7.0.0-1013-aws,#13~24.04.1-Ubuntu SMP PREEMPT Sat Sep  5 01:10:01 UTC 2026,AMD EPYC 7R13 Processor,4,15,NVIDIA L4: cuda_13.2,2.14.0,2.2.0,2.5.3,1.18.1,"rows & cols scaling + n_estimators, cuda, offload:gpu, kv cache on/off",0.4333±0.08819,1.973±0.1752,,,2026-09-29
dd5fef11,classification,1000,500,30,10,4,5.409±0.02695,0.1091±0.001409,94.88±1.732,3881,94.88±1.732,3881,0.005208±0.002255,677.4,8,True,gpu,4,cuda,auto,NVIDIA L4,Linux,x86_64,7.0.0-1013-aws,#13~24.04.1-Ubuntu SMP PREEMPT Sat Sep  5 01:10:01 UTC 2026,AMD EPYC 7R13 Processor,4,15,NVIDIA L4: cuda_13.2,2.14.0,2.2.0,2.5.3,1.18.1,"rows & cols scaling + n_estimators, cuda, offload:gpu, kv cache on/off",0.4333±0.08819,1.973±0.1751,,,2026-09-29
469aa8c3,classification,1000,500,30,10,2,4.006±0.03949,0.7775±0.0156,100.2±2.517,1828,100.2±2.517,109.7,0.01172±0.01033,1828,8,False,gpu,4,cuda,auto,NVIDIA L4,Linux,x86_64,7.0.0-1013-aws,#13~24.04.1-Ubuntu SMP PREEMPT Sat Sep  5 01:10:01 UTC 2026,AMD EPYC 7R13 Processor,4,15,NVIDIA L4: cuda_13.2,2.14.0,2.2.0,2.5.3,1.18.1,"rows & cols scaling + n_estimators, cuda, offload:gpu, kv cache on/off",0.4±0.08819,2.146±0.1042,,,2026-09-29
469aa8c3,classification,1000,500,30,10,2,4.714±0.05908,0.1005±0.005474,95.88±3.606,1991,95.88±3.606,1991,0.00651±0.004511,388.4,8,True,gpu,4,cuda,auto,NVIDIA L4,Linux,x86_64,7.0.0-1013-aws,#13~24.04.1-Ubuntu SMP PREEMPT Sat Sep  5 01:10:01 UTC 2026,AMD EPYC 7R13 Processor,4,15,NVIDIA L4: cuda_13.2,2.14.0,2.2.0,2.5.3,1.18.1,"rows & cols scaling + n_estimators, cuda, offload:gpu, kv cache on/off",0.4±0.08819,2.146±0.1045,,,2026-09-29
417c3e48,classification,1000,500,30,10,1,0.3387±0.002756,0.3777±0.003199,106.4±6.149,1831,106.4±6.149,112.2,0.005208±0.002255,1831,8,False,gpu,4,cuda,auto,NVIDIA L4,Linux,x86_64,7.0.0-1013-aws,#13~24.04.1-Ubuntu SMP PREEMPT Sat Sep  5 01:10:01 UTC 2026,AMD EPYC 7R13 Processor,4,15,NVIDIA L4: cuda_13.2,2.14.0,2.2.0,2.5.3,1.18.1,"rows & cols scaling + n_estimators, cuda, offload:gpu, kv cache on/off",0.3222±0.06939,2.255±0.1447,,,2026-09-29
417c3e48,classification,1000,500,30,10,1,0.673±0.00199,0.06584±0.0003609,108.2±1.563,1873,108.2±1.563,1873,3.004±5.196,270.7,8,True,gpu,4,cuda,auto,NVIDIA L4,Linux,x86_64,7.0.0-1013-aws,#13~24.04.1-Ubuntu SMP PREEMPT Sat Sep  5 01:10:01 UTC 2026,AMD EPYC 7R13 Processor,4,15,NVIDIA L4: cuda_13.2,2.14.0,2.2.0,2.5.3,1.18.1,"rows & cols scaling + n_estimators, cuda, offload:gpu, kv cache on/off",0.3111±0.08389,2.257±0.1431,,,2026-09-29
1c106fb2,classification,1000,500,2,10,4,4.042±0.008738,1.412±0.01828,108±2.696,3462,108±2.696,109.4,5.009±4.353,3462,8,False,gpu,4,cuda,auto,NVIDIA L4,Linux,x86_64,7.0.0-1013-aws,#13~24.04.1-Ubuntu SMP PREEMPT Sat Sep  5 01:10:01 UTC 2026,AMD EPYC 7R13 Processor,4,15,NVIDIA L4: cuda_13.2,2.14.0,2.2.0,2.5.3,1.18.1,"rows & cols scaling + n_estimators, cuda, offload:gpu, kv cache on/off",0.3333±0.2887,2.048±0.2754,,,2026-09-29
1c106fb2,classification,1000,500,2,10,4,5.403±0.02912,0.1311±0.003338,104.6±1.656,3881,104.6±1.656,3881,6.848±6.34,618.7,8,True,gpu,4,cuda,auto,NVIDIA L4,Linux,x86_64,7.0.0-1013-aws,#13~24.04.1-Ubuntu SMP PREEMPT Sat Sep  5 01:10:01 UTC 2026,AMD EPYC 7R13 Processor,4,15,NVIDIA L4: cuda_13.2,2.14.0,2.2.0,2.5.3,1.18.1,"rows & cols scaling + n_estimators, cuda, offload:gpu, kv cache on/off",0.3333±0.2887,2.048±0.2734,,,2026-09-29
bdd73ef0,classification,1000,500,2,10,2,4.1±0.0164,0.7556±0.01368,112.1±1.58,1784,112.1±1.58,109.3,1.379±2.278,1784,8,False,gpu,4,cuda,auto,NVIDIA L4,Linux,x86_64,7.0.0-1013-aws,#13~24.04.1-Ubuntu SMP PREEMPT Sat Sep  5 01:10:01 UTC 2026,AMD EPYC 7R13 Processor,4,15,NVIDIA L4: cuda_13.2,2.14.0,2.2.0,2.5.3,1.18.1,"rows & cols scaling + n_estimators, cuda, offload:gpu, kv cache on/off",0.3333±0.2887,2.4±0.3087,,,2026-09-29
bdd73ef0,classification,1000,500,2,10,2,4.743±0.007886,0.1075±0.01916,114.2±6.066,1991,114.2±6.066,1991,8.618±8.504,374.9,8,True,gpu,4,cuda,auto,NVIDIA L4,Linux,x86_64,7.0.0-1013-aws,#13~24.04.1-Ubuntu SMP PREEMPT Sat Sep  5 01:10:01 UTC 2026,AMD EPYC 7R13 Processor,4,15,NVIDIA L4: cuda_13.2,2.14.0,2.2.0,2.5.3,1.18.1,"rows & cols scaling + n_estimators, cuda, offload:gpu, kv cache on/off",0.3333±0.2887,2.401±0.3089,,,2026-09-29
d40a5514,classification,1000,500,2,10,1,0.3419±0.002036,0.367±0.0004679,107.6±4.587,1785,107.6±4.587,110.5,0.00390625,1785,8,False,gpu,4,cuda,auto,NVIDIA L4,Linux,x86_64,7.0.0-1013-aws,#13~24.04.1-Ubuntu SMP PREEMPT Sat Sep  5 01:10:01 UTC 2026,AMD EPYC 7R13 Processor,4,15,NVIDIA L4: cuda_13.2,2.14.0,2.2.0,2.5.3,1.18.1,"rows & cols scaling + n_estimators, cuda, offload:gpu, kv cache on/off",0.3333±0.2887,1.768±0.8621,,,2026-09-29
d40a5514,classification,1000,500,2,10,1,0.7066±0.002005,0.07864±0.007553,115.9±3.606,1873,115.9±3.606,1873,1.893±2.715,257,8,True,gpu,4,cuda,auto,NVIDIA L4,Linux,x86_64,7.0.0-1013-aws,#13~24.04.1-Ubuntu SMP PREEMPT Sat Sep  5 01:10:01 UTC 2026,AMD EPYC 7R13 Processor,4,15,NVIDIA L4: cuda_13.2,2.14.0,2.2.0,2.5.3,1.18.1,"rows & cols scaling + n_estimators, cuda, offload:gpu, kv cache on/off",0.3333±0.2887,1.767±0.8633,,,2026-09-29
45821f67,classification,1000,200,8000,10,4,1.745±0.03179,3.916±0.009873,30.49±19.96,11750,0.01172±0.01353,112.3,30.49±19.96,11750,8,False,gpu,4,cuda,auto,NVIDIA L4,Linux,x86_64,7.0.0-1013-aws,#13~24.04.1-Ubuntu SMP PREEMPT Sat Sep  5 01:10:01 UTC 2026,AMD EPYC 7R13 Processor,4,15,NVIDIA L4: cuda_13.2,2.14.0,2.2.0,2.5.3,1.18.1,"rows & cols scaling + n_estimators, cuda, offload:gpu, kv cache on/off",0.5587±0.009739,1.356±0.02326,,,2026-09-29
45821f67,classification,1000,200,8000,10,4,2.294±0.02299,3.403±0.02458,12.17±21.08,9977,2.632±4.551,1670,12.17±21.08,9977,8,True,gpu,4,cuda,auto,NVIDIA L4,Linux,x86_64,7.0.0-1013-aws,#13~24.04.1-Ubuntu SMP PREEMPT Sat Sep  5 01:10:01 UTC 2026,AMD EPYC 7R13 Processor,4,15,NVIDIA L4: cuda_13.2,2.14.0,2.2.0,2.5.3,1.18.1,"rows & cols scaling + n_estimators, cuda, offload:gpu, kv cache on/off",0.5585±0.009779,1.356±0.02317,,,2026-09-29
f03ddc6f,classification,1000,200,8000,10,2,1.725±0.003883,2.077±0.003057,0.08203±0.1218,5597,0.08203±0.1218,112.3,0.08203±0.1218,5597,8,False,gpu,4,cuda,auto,NVIDIA L4,Linux,x86_64,7.0.0-1013-aws,#13~24.04.1-Ubuntu SMP PREEMPT Sat Sep  5 01:10:01 UTC 2026,AMD EPYC 7R13 Processor,4,15,NVIDIA L4: cuda_13.2,2.14.0,2.2.0,2.5.3,1.18.1,"rows & cols scaling + n_estimators, cuda, offload:gpu, kv cache on/off",0.5231±0.01895,1.436±0.05249,,,2026-09-29
f03ddc6f,classification,1000,200,8000,10,2,2.007±0.02054,1.834±0.01589,0.00390625,5040,0.00390625,887.7,0.00390625,5040,8,True,gpu,4,cuda,auto,NVIDIA L4,Linux,x86_64,7.0.0-1013-aws,#13~24.04.1-Ubuntu SMP PREEMPT Sat Sep  5 01:10:01 UTC 2026,AMD EPYC 7R13 Processor,4,15,NVIDIA L4: cuda_13.2,2.14.0,2.2.0,2.5.3,1.18.1,"rows & cols scaling + n_estimators, cuda, offload:gpu, kv cache on/off",0.5231±0.01895,1.436±0.0525,,,2026-09-29
b89f0ed2,classification,1000,200,8000,10,1,0.2614±0.0001745,1.004±0.0005175,0.07161±0.09055,5599,0.07031±0.0883,115.3,0.07161±0.09055,5599,8,False,gpu,4,cuda,auto,NVIDIA L4,Linux,x86_64,7.0.0-1013-aws,#13~24.04.1-Ubuntu SMP PREEMPT Sat Sep  5 01:10:01 UTC 2026,AMD EPYC 7R13 Processor,4,15,NVIDIA L4: cuda_13.2,2.14.0,2.2.0,2.5.3,1.18.1,"rows & cols scaling + n_estimators, cuda, offload:gpu, kv cache on/off",0.5167±0.01595,1.468±0.04102,,,2026-09-29
b89f0ed2,classification,1000,200,8000,10,1,0.4139±0.01175,0.8874±0.01122,0.01432±0.01804,4981,0.01432±0.01804,828.1,0.01432±0.01804,4981,8,True,gpu,4,cuda,auto,NVIDIA L4,Linux,x86_64,7.0.0-1013-aws,#13~24.04.1-Ubuntu SMP PREEMPT Sat Sep  5 01:10:01 UTC 2026,AMD EPYC 7R13 Processor,4,15,NVIDIA L4: cuda_13.2,2.14.0,2.2.0,2.5.3,1.18.1,"rows & cols scaling + n_estimators, cuda, offload:gpu, kv cache on/off",0.5167±0.01592,1.468±0.04096,,,2026-09-29
d2588569,classification,1000,200,2000,10,4,1.808±0.02269,1.452±0.01417,99.86±8.942,3868,99.86±8.942,109.8,18.2±0.01128,3868,8,False,gpu,4,cuda,auto,NVIDIA L4,Linux,x86_64,7.0.0-1013-aws,#13~24.04.1-Ubuntu SMP PREEMPT Sat Sep  5 01:10:01 UTC 2026,AMD EPYC 7R13 Processor,4,15,NVIDIA L4: cuda_13.2,2.14.0,2.2.0,2.5.3,1.18.1,"rows & cols scaling + n_estimators, cuda, offload:gpu, kv cache on/off",0.5527±0.01271,1.372±0.03045,,,2026-09-29
d2588569,classification,1000,200,2000,10,4,2.365±0.008688,0.9346±0.02468,108±8.046,2769,108±8.046,1674,2.003±3.448,2769,8,True,gpu,4,cuda,auto,NVIDIA L4,Linux,x86_64,7.0.0-1013-aws,#13~24.04.1-Ubuntu SMP PREEMPT Sat Sep  5 01:10:01 UTC 2026,AMD EPYC 7R13 Processor,4,15,NVIDIA L4: cuda_13.2,2.14.0,2.2.0,2.5.3,1.18.1,"rows & cols scaling + n_estimators, cuda, offload:gpu, kv cache on/off",0.5528±0.01249,1.372±0.03047,,,2026-09-29
f999a6ab,classification,1000,200,2000,10,2,1.815±0.004882,0.804±0.02088,109.8±3.524,1986,109.8±3.524,107.1,0.6797±1.15,1986,8,False,gpu,4,cuda,auto,NVIDIA L4,Linux,x86_64,7.0.0-1013-aws,#13~24.04.1-Ubuntu SMP PREEMPT Sat Sep  5 01:10:01 UTC 2026,AMD EPYC 7R13 Processor,4,15,NVIDIA L4: cuda_13.2,2.14.0,2.2.0,2.5.3,1.18.1,"rows & cols scaling + n_estimators, cuda, offload:gpu, kv cache on/off",0.5268±0.01823,1.444±0.04568,,,2026-09-29
f999a6ab,classification,1000,200,2000,10,2,2.097±0.01825,0.534±0.01912,109.1±2.056,1439,109.1±2.056,889.1,0.00390625,1439,8,True,gpu,4,cuda,auto,NVIDIA L4,Linux,x86_64,7.0.0-1013-aws,#13~24.04.1-Ubuntu SMP PREEMPT Sat Sep  5 01:10:01 UTC 2026,AMD EPYC 7R13 Processor,4,15,NVIDIA L4: cuda_13.2,2.14.0,2.2.0,2.5.3,1.18.1,"rows & cols scaling + n_estimators, cuda, offload:gpu, kv cache on/off",0.5268±0.01823,1.444±0.04567,,,2026-09-29
7341f94a,classification,1000,200,2000,10,1,0.3209±0.003288,0.4059±0.003509,104.7±2.432,1990,104.7±2.432,111.1,0.00390625,1990,8,False,gpu,4,cuda,auto,NVIDIA L4,Linux,x86_64,7.0.0-1013-aws,#13~24.04.1-Ubuntu SMP PREEMPT Sat Sep  5 01:10:01 UTC 2026,AMD EPYC 7R13 Processor,4,15,NVIDIA L4: cuda_13.2,2.14.0,2.2.0,2.5.3,1.18.1,"rows & cols scaling + n_estimators, cuda, offload:gpu, kv cache on/off",0.5305±0.02306,1.415±0.06521,,,2026-09-29
7341f94a,classification,1000,200,2000,10,1,0.468±0.002632,0.2817±0.001846,107.2±1.528,1376,107.2±1.528,825.4,0.00390625,1376,8,True,gpu,4,cuda,auto,NVIDIA L4,Linux,x86_64,7.0.0-1013-aws,#13~24.04.1-Ubuntu SMP PREEMPT Sat Sep  5 01:10:01 UTC 2026,AMD EPYC 7R13 Processor,4,15,NVIDIA L4: cuda_13.2,2.14.0,2.2.0,2.5.3,1.18.1,"rows & cols scaling + n_estimators, cuda, offload:gpu, kv cache on/off",0.5307±0.02289,1.415±0.06522,,,2026-09-29
1d5f5a26,classification,1000,200,500,10,4,1.804±0.01133,0.825±0.01052,97.22±2.517,2065,97.22±2.517,110.5,0.005208±0.002255,2065,8,False,gpu,4,cuda,auto,NVIDIA L4,Linux,x86_64,7.0.0-1013-aws,#13~24.04.1-Ubuntu SMP PREEMPT Sat Sep  5 01:10:01 UTC 2026,AMD EPYC 7R13 Processor,4,15,NVIDIA L4: cuda_13.2,2.14.0,2.2.0,2.5.3,1.18.1,"rows & cols scaling + n_estimators, cuda, offload:gpu, kv cache on/off",0.5513±0.01102,1.371±0.01804,,,2026-09-29
1d5f5a26,classification,1000,200,500,10,4,2.369±0.009693,0.3127±0.01957,98.88±1,1673,98.88±1,1673,0.01172±0.003906,966,8,True,gpu,4,cuda,auto,NVIDIA L4,Linux,x86_64,7.0.0-1013-aws,#13~24.04.1-Ubuntu SMP PREEMPT Sat Sep  5 01:10:01 UTC 2026,AMD EPYC 7R13 Processor,4,15,NVIDIA L4: cuda_13.2,2.14.0,2.2.0,2.5.3,1.18.1,"rows & cols scaling + n_estimators, cuda, offload:gpu, kv cache on/off",0.5513±0.01102,1.371±0.01807,,,2026-09-29
7832e930,classification,1000,200,500,10,2,1.79±0.01461,0.4621±0.01465,91.55±0.5796,1089,91.55±0.5796,108.8,0.007812±0.006766,1089,8,False,gpu,4,cuda,auto,NVIDIA L4,Linux,x86_64,7.0.0-1013-aws,#13~24.04.1-Ubuntu SMP PREEMPT Sat Sep  5 01:10:01 UTC 2026,AMD EPYC 7R13 Processor,4,15,NVIDIA L4: cuda_13.2,2.14.0,2.2.0,2.5.3,1.18.1,"rows & cols scaling + n_estimators, cuda, offload:gpu, kv cache on/off",0.5067±0.01701,1.475±0.01842,,,2026-09-29
7832e930,classification,1000,200,500,10,2,2.11±0.005813,0.1668±0.008396,92.88±3.606,888.7,92.88±3.606,888.7,0.00390625,534.4,8,True,gpu,4,cuda,auto,NVIDIA L4,Linux,x86_64,7.0.0-1013-aws,#13~24.04.1-Ubuntu SMP PREEMPT Sat Sep  5 01:10:01 UTC 2026,AMD EPYC 7R13 Processor,4,15,NVIDIA L4: cuda_13.2,2.14.0,2.2.0,2.5.3,1.18.1,"rows & cols scaling + n_estimators, cuda, offload:gpu, kv cache on/off",0.5067±0.01747,1.475±0.01838,,,2026-09-29
7645788b,classification,1000,200,500,10,1,0.3213±0.01195,0.2493±0.01237,90.88±1.732,1091,90.88±1.732,111,0.00390625,1091,8,False,gpu,4,cuda,auto,NVIDIA L4,Linux,x86_64,7.0.0-1013-aws,#13~24.04.1-Ubuntu SMP PREEMPT Sat Sep  5 01:10:01 UTC 2026,AMD EPYC 7R13 Processor,4,15,NVIDIA L4: cuda_13.2,2.14.0,2.2.0,2.5.3,1.18.1,"rows & cols scaling + n_estimators, cuda, offload:gpu, kv cache on/off",0.522±0.03857,1.462±0.06313,,,2026-09-29
7645788b,classification,1000,200,500,10,1,0.464±0.001206,0.1111±0.0009719,92.55±1.528,826.5,92.55±1.528,826.5,0.00390625,474.8,8,True,gpu,4,cuda,auto,NVIDIA L4,Linux,x86_64,7.0.0-1013-aws,#13~24.04.1-Ubuntu SMP PREEMPT Sat Sep  5 01:10:01 UTC 2026,AMD EPYC 7R13 Processor,4,15,NVIDIA L4: cuda_13.2,2.14.0,2.2.0,2.5.3,1.18.1,"rows & cols scaling + n_estimators, cuda, offload:gpu, kv cache on/off",0.522±0.03857,1.463±0.06305,,,2026-09-29
bb9c3486,classification,1000,200,30,10,4,1.8±0.01912,0.637±0.01855,95.55±2.082,1504,95.55±2.082,110,0.00390625,1504,8,False,gpu,4,cuda,auto,NVIDIA L4,Linux,x86_64,7.0.0-1013-aws,#13~24.04.1-Ubuntu SMP PREEMPT Sat Sep  5 01:10:01 UTC 2026,AMD EPYC 7R13 Processor,4,15,NVIDIA L4: cuda_13.2,2.14.0,2.2.0,2.5.3,1.18.1,"rows & cols scaling + n_estimators, cuda, offload:gpu, kv cache on/off",0.4889±0.1018,1.506±0.2968,,,2026-09-29
bb9c3486,classification,1000,200,30,10,4,2.374±0.007328,0.1106±0.004009,92.89±0.004511,1670,92.89±0.004511,1670,0.009115±0.004511,398.1,8,True,gpu,4,cuda,auto,NVIDIA L4,Linux,x86_64,7.0.0-1013-aws,#13~24.04.1-Ubuntu SMP PREEMPT Sat Sep  5 01:10:01 UTC 2026,AMD EPYC 7R13 Processor,4,15,NVIDIA L4: cuda_13.2,2.14.0,2.2.0,2.5.3,1.18.1,"rows & cols scaling + n_estimators, cuda, offload:gpu, kv cache on/off",0.4889±0.1018,1.506±0.2968,,,2026-09-29
fa3a3d51,classification,1000,200,30,10,2,1.811±0.008034,0.3623±0.02116,99.58±0.3306,804.9,99.58±0.3306,109,0.01562±0.01033,804.9,8,False,gpu,4,cuda,auto,NVIDIA L4,Linux,x86_64,7.0.0-1013-aws,#13~24.04.1-Ubuntu SMP PREEMPT Sat Sep  5 01:10:01 UTC 2026,AMD EPYC 7R13 Processor,4,15,NVIDIA L4: cuda_13.2,2.14.0,2.2.0,2.5.3,1.18.1,"rows & cols scaling + n_estimators, cuda, offload:gpu, kv cache on/off",0.4444±0.05092,1.637±0.2313,,,2026-09-29
fa3a3d51,classification,1000,200,30,10,2,2.102±0.009408,0.07923±0.01151,101.2±2.212,889,101.2±2.212,889,0.00390625,265.2,8,True,gpu,4,cuda,auto,NVIDIA L4,Linux,x86_64,7.0.0-1013-aws,#13~24.04.1-Ubuntu SMP PREEMPT Sat Sep  5 01:10:01 UTC 2026,AMD EPYC 7R13 Processor,4,15,NVIDIA L4: cuda_13.2,2.14.0,2.2.0,2.5.3,1.18.1,"rows & cols scaling + n_estimators, cuda, offload:gpu, kv cache on/off",0.4444±0.05092,1.637±0.2314,,,2026-09-29
65cba623,classification,1000,200,30,10,1,0.3142±0.001043,0.2063±0.001024,97.88±1.732,808.3,97.88±1.732,113.3,0.00390625,808.3,8,False,gpu,4,cuda,auto,NVIDIA L4,Linux,x86_64,7.0.0-1013-aws,#13~24.04.1-Ubuntu SMP PREEMPT Sat Sep  5 01:10:01 UTC 2026,AMD EPYC 7R13 Processor,4,15,NVIDIA L4: cuda_13.2,2.14.0,2.2.0,2.5.3,1.18.1,"rows & cols scaling + n_estimators, cuda, offload:gpu, kv cache on/off",0.4778±0.1388,1.539±0.319,,,2026-09-29
65cba623,classification,1000,200,30,10,1,0.4659±0.000556,0.06801±0.0001716,98.55±1.155,826.4,98.55±1.155,826.4,0.00390625,202.7,8,True,gpu,4,cuda,auto,NVIDIA L4,Linux,x86_64,7.0.0-1013-aws,#13~24.04.1-Ubuntu SMP PREEMPT Sat Sep  5 01:10:01 UTC 2026,AMD EPYC 7R13 Processor,4,15,NVIDIA L4: cuda_13.2,2.14.0,2.2.0,2.5.3,1.18.1,"rows & cols scaling + n_estimators, cuda, offload:gpu, kv cache on/off",0.4778±0.1388,1.539±0.3194,,,2026-09-29
43ee334d,classification,1000,200,2,10,4,1.774±0.005847,0.6514±0.005087,86.55±0.5751,1471,86.55±0.5751,111.9,0.00651±0.002255,1471,8,False,gpu,4,cuda,auto,NVIDIA L4,Linux,x86_64,7.0.0-1013-aws,#13~24.04.1-Ubuntu SMP PREEMPT Sat Sep  5 01:10:01 UTC 2026,AMD EPYC 7R13 Processor,4,15,NVIDIA L4: cuda_13.2,2.14.0,2.2.0,2.5.3,1.18.1,"rows & cols scaling + n_estimators, cuda, offload:gpu, kv cache on/off",0.5±0.5,1.547±0.8251,,,2026-09-29
43ee334d,classification,1000,200,2,10,4,2.361±0.01222,0.1158±0.0145,94.55±1.155,1671,94.55±1.155,1671,0.005208±0.002255,391.6,8,True,gpu,4,cuda,auto,NVIDIA L4,Linux,x86_64,7.0.0-1013-aws,#13~24.04.1-Ubuntu SMP PREEMPT Sat Sep  5 01:10:01 UTC 2026,AMD EPYC 7R13 Processor,4,15,NVIDIA L4: cuda_13.2,2.14.0,2.2.0,2.5.3,1.18.1,"rows & cols scaling + n_estimators, cuda, offload:gpu, kv cache on/off",0.5±0.5,1.547±0.825,,,2026-09-29
4b824d2e,classification,1000,200,2,10,2,1.789±0.01572,0.3669±0.01534,73.55±2.08,787.7,73.55±2.08,108.3,0.09896±0.1546,787.7,8,False,gpu,4,cuda,auto,NVIDIA L4,Linux,x86_64,7.0.0-1013-aws,#13~24.04.1-Ubuntu SMP PREEMPT Sat Sep  5 01:10:01 UTC 2026,AMD EPYC 7R13 Processor,4,15,NVIDIA L4: cuda_13.2,2.14.0,2.2.0,2.5.3,1.18.1,"rows & cols scaling + n_estimators, cuda, offload:gpu, kv cache on/off",0.5±0.5,1.485±0.8296,,,2026-09-29
4b824d2e,classification,1000,200,2,10,2,2.109±0.01518,0.09039±0.02076,82.22±0.5774,891.3,82.22±0.5774,891.3,0.00390625,267.1,8,True,gpu,4,cuda,auto,NVIDIA L4,Linux,x86_64,7.0.0-1013-aws,#13~24.04.1-Ubuntu SMP PREEMPT Sat Sep  5 01:10:01 UTC 2026,AMD EPYC 7R13 Processor,4,15,NVIDIA L4: cuda_13.2,2.14.0,2.2.0,2.5.3,1.18.1,"rows & cols scaling + n_estimators, cuda, offload:gpu, kv cache on/off",0.5±0.5,1.484±0.8295,,,2026-09-29
8ad5cec7,classification,1000,200,2,10,1,0.298±0.001499,0.1714±0.001322,66.93±0.0623,792.4,66.93±0.0623,113,0.05339±0.0623,792.4,8,False,gpu,4,cuda,auto,NVIDIA L4,Linux,x86_64,7.0.0-1013-aws,#13~24.04.1-Ubuntu SMP PREEMPT Sat Sep  5 01:10:01 UTC 2026,AMD EPYC 7R13 Processor,4,15,NVIDIA L4: cuda_13.2,2.14.0,2.2.0,2.5.3,1.18.1,"rows & cols scaling + n_estimators, cuda, offload:gpu, kv cache on/off",0.3333±0.2887,1.89±0.9506,,,2026-09-29
8ad5cec7,classification,1000,200,2,10,1,0.4631±0.0002918,0.07031±0.001365,67.8828125,827.7,67.8828125,827.7,0.00390625,203,8,True,gpu,4,cuda,auto,NVIDIA L4,Linux,x86_64,7.0.0-1013-aws,#13~24.04.1-Ubuntu SMP PREEMPT Sat Sep  5 01:10:01 UTC 2026,AMD EPYC 7R13 Processor,4,15,NVIDIA L4: cuda_13.2,2.14.0,2.2.0,2.5.3,1.18.1,"rows & cols scaling + n_estimators, cuda, offload:gpu, kv cache on/off",0.3333±0.2887,1.89±0.9506,,,2026-09-29
8ce77abf,classification,1000,100,8000,10,4,1.066±0.02098,2.068±0.01085,125.9±3.318,5702,125.9±3.318,108.4,65.25±3.17,5702,8,False,gpu,4,cuda,auto,NVIDIA L4,Linux,x86_64,7.0.0-1013-aws,#13~24.04.1-Ubuntu SMP PREEMPT Sat Sep  5 01:10:01 UTC 2026,AMD EPYC 7R13 Processor,4,15,NVIDIA L4: cuda_13.2,2.14.0,2.2.0,2.5.3,1.18.1,"rows & cols scaling + n_estimators, cuda, offload:gpu, kv cache on/off",0.8382±0.00957,0.5458±0.03491,,,2026-09-29
8ce77abf,classification,1000,100,8000,10,4,1.371±0.01177,1.827±0.01006,131.7±2.686,5181,131.7±2.686,924.5,54.80859375,5181,8,True,gpu,4,cuda,auto,NVIDIA L4,Linux,x86_64,7.0.0-1013-aws,#13~24.04.1-Ubuntu SMP PREEMPT Sat Sep  5 01:10:01 UTC 2026,AMD EPYC 7R13 Processor,4,15,NVIDIA L4: cuda_13.2,2.14.0,2.2.0,2.5.3,1.18.1,"rows & cols scaling + n_estimators, cuda, offload:gpu, kv cache on/off",0.8382±0.00957,0.5458±0.0349,,,2026-09-29
041c7c6c,classification,1000,100,8000,10,2,1.062±0.02407,1.11±0.008244,116.8±5.118,2910,116.8±5.118,108.7,51.5±3.151,2910,8,False,gpu,4,cuda,auto,NVIDIA L4,Linux,x86_64,7.0.0-1013-aws,#13~24.04.1-Ubuntu SMP PREEMPT Sat Sep  5 01:10:01 UTC 2026,AMD EPYC 7R13 Processor,4,15,NVIDIA L4: cuda_13.2,2.14.0,2.2.0,2.5.3,1.18.1,"rows & cols scaling + n_estimators, cuda, offload:gpu, kv cache on/off",0.801±0.01371,0.6399±0.03845,,,2026-09-29
041c7c6c,classification,1000,100,8000,10,2,1.256±0.01779,1.012±0.01026,133.6±1.932,2646,133.6±1.932,517.6,34.47±6.302,2646,8,True,gpu,4,cuda,auto,NVIDIA L4,Linux,x86_64,7.0.0-1013-aws,#13~24.04.1-Ubuntu SMP PREEMPT Sat Sep  5 01:10:01 UTC 2026,AMD EPYC 7R13 Processor,4,15,NVIDIA L4: cuda_13.2,2.14.0,2.2.0,2.5.3,1.18.1,"rows & cols scaling + n_estimators, cuda, offload:gpu, kv cache on/off",0.801±0.01374,0.6399±0.03843,,,2026-09-29
f7f4b6c0,classification,1000,100,8000,10,1,0.316±0.001978,0.5564±0.0006922,113.6±1.533,2909,113.6±1.533,108.4,4.268±3.289,2909,8,False,gpu,4,cuda,auto,NVIDIA L4,Linux,x86_64,7.0.0-1013-aws,#13~24.04.1-Ubuntu SMP PREEMPT Sat Sep  5 01:10:01 UTC 2026,AMD EPYC 7R13 Processor,4,15,NVIDIA L4: cuda_13.2,2.14.0,2.2.0,2.5.3,1.18.1,"rows & cols scaling + n_estimators, cuda, offload:gpu, kv cache on/off",0.799±0.01193,0.6378±0.03137,,,2026-09-29
f7f4b6c0,classification,1000,100,8000,10,1,0.4098±0.01269,0.4728±0.01182,112.8±5.078,2605,112.8±5.078,476.3,12.08±5.459,2605,8,True,gpu,4,cuda,auto,NVIDIA L4,Linux,x86_64,7.0.0-1013-aws,#13~24.04.1-Ubuntu SMP PREEMPT Sat Sep  5 01:10:01 UTC 2026,AMD EPYC 7R13 Processor,4,15,NVIDIA L4: cuda_13.2,2.14.0,2.2.0,2.5.3,1.18.1,"rows & cols scaling + n_estimators, cuda, offload:gpu, kv cache on/off",0.7992±0.01182,0.6378±0.03138,,,2026-09-29
3ef35821,classification,1000,100,2000,10,4,1.072±0.009344,0.8177±0.008543,144.7±2.029,2026,144.7±2.029,109.7,4.671±5.086,2026,8,False,gpu,4,cuda,auto,NVIDIA L4,Linux,x86_64,7.0.0-1013-aws,#13~24.04.1-Ubuntu SMP PREEMPT Sat Sep  5 01:10:01 UTC 2026,AMD EPYC 7R13 Processor,4,15,NVIDIA L4: cuda_13.2,2.14.0,2.2.0,2.5.3,1.18.1,"rows & cols scaling + n_estimators, cuda, offload:gpu, kv cache on/off",0.8438±0.00825,0.538±0.02289,,,2026-09-29
3ef35821,classification,1000,100,2000,10,4,1.394±0.01288,0.5389±0.01473,136.6±5.957,1517,136.6±5.957,932,6.005±5.368,1517,8,True,gpu,4,cuda,auto,NVIDIA L4,Linux,x86_64,7.0.0-1013-aws,#13~24.04.1-Ubuntu SMP PREEMPT Sat Sep  5 01:10:01 UTC 2026,AMD EPYC 7R13 Processor,4,15,NVIDIA L4: cuda_13.2,2.14.0,2.2.0,2.5.3,1.18.1,"rows & cols scaling + n_estimators, cuda, offload:gpu, kv cache on/off",0.844±0.008062,0.538±0.02289,,,2026-09-29
1b91bf37,classification,1000,100,2000,10,2,1.078±0.01248,0.4579±0.0128,139.3±1.276,1070,139.3±1.276,111.3,0.00390625,1070,8,False,gpu,4,cuda,auto,NVIDIA L4,Linux,x86_64,7.0.0-1013-aws,#13~24.04.1-Ubuntu SMP PREEMPT Sat Sep  5 01:10:01 UTC 2026,AMD EPYC 7R13 Processor,4,15,NVIDIA L4: cuda_13.2,2.14.0,2.2.0,2.5.3,1.18.1,"rows & cols scaling + n_estimators, cuda, offload:gpu, kv cache on/off",0.8038±0.00932,0.6308±0.0276,,,2026-09-29
1b91bf37,classification,1000,100,2000,10,2,1.228±0.01117,0.3216±0.01062,141.8828125,811.7,141.8828125,519.5,0.00390625,811.7,8,True,gpu,4,cuda,auto,NVIDIA L4,Linux,x86_64,7.0.0-1013-aws,#13~24.04.1-Ubuntu SMP PREEMPT Sat Sep  5 01:10:01 UTC 2026,AMD EPYC 7R13 Processor,4,15,NVIDIA L4: cuda_13.2,2.14.0,2.2.0,2.5.3,1.18.1,"rows & cols scaling + n_estimators, cuda, offload:gpu, kv cache on/off",0.8042±0.009277,0.6308±0.02763,,,2026-09-29
cc577af8,classification,1000,100,2000,10,1,0.3347±0.01059,0.2246±0.0106,134.3±2.617,1069,134.3±2.617,109.7,0.00390625,1069,8,False,gpu,4,cuda,auto,NVIDIA L4,Linux,x86_64,7.0.0-1013-aws,#13~24.04.1-Ubuntu SMP PREEMPT Sat Sep  5 01:10:01 UTC 2026,AMD EPYC 7R13 Processor,4,15,NVIDIA L4: cuda_13.2,2.14.0,2.2.0,2.5.3,1.18.1,"rows & cols scaling + n_estimators, cuda, offload:gpu, kv cache on/off",0.7975±0.01211,0.6467±0.02461,,,2026-09-29
cc577af8,classification,1000,100,2000,10,1,0.4081±0.00193,0.1839±0.001152,130.9±4.786,768.9,130.9±4.786,475.5,3.372±4.466,768.9,8,True,gpu,4,cuda,auto,NVIDIA L4,Linux,x86_64,7.0.0-1013-aws,#13~24.04.1-Ubuntu SMP PREEMPT Sat Sep  5 01:10:01 UTC 2026,AMD EPYC 7R13 Processor,4,15,NVIDIA L4: cuda_13.2,2.14.0,2.2.0,2.5.3,1.18.1,"rows & cols scaling + n_estimators, cuda, offload:gpu, kv cache on/off",0.7972±0.01221,0.6466±0.02466,,,2026-09-29
bf3f2d88,classification,1000,100,500,10,4,1.067±0.007967,0.4885±0.006742,130.9±1.549,1105,130.9±1.549,108.7,0.00651±0.002017,1105,8,False,gpu,4,cuda,auto,NVIDIA L4,Linux,x86_64,7.0.0-1013-aws,#13~24.04.1-Ubuntu SMP PREEMPT Sat Sep  5 01:10:01 UTC 2026,AMD EPYC 7R13 Processor,4,15,NVIDIA L4: cuda_13.2,2.14.0,2.2.0,2.5.3,1.18.1,"rows & cols scaling + n_estimators, cuda, offload:gpu, kv cache on/off",0.8407±0.008824,0.5587±0.0483,,,2026-09-29
bf3f2d88,classification,1000,100,500,10,4,1.385±0.01598,0.1796±0.01627,131.6±0.5083,932.3,131.6±0.5083,932.3,0.01042±0.01009,594.6,8,True,gpu,4,cuda,auto,NVIDIA L4,Linux,x86_64,7.0.0-1013-aws,#13~24.04.1-Ubuntu SMP PREEMPT Sat Sep  5 01:10:01 UTC 2026,AMD EPYC 7R13 Processor,4,15,NVIDIA L4: cuda_13.2,2.14.0,2.2.0,2.5.3,1.18.1,"rows & cols scaling + n_estimators, cuda, offload:gpu, kv cache on/off",0.8407±0.008824,0.5587±0.04832,,,2026-09-29
771dc007,classification,1000,100,500,10,2,1.074±0.00954,0.2847±0.009844,125.9±0.8892,613.3,125.9±0.8892,113.9,0.02474±0.02378,613.3,8,False,gpu,4,cuda,auto,NVIDIA L4,Linux,x86_64,7.0.0-1013-aws,#13~24.04.1-Ubuntu SMP PREEMPT Sat Sep  5 01:10:01 UTC 2026,AMD EPYC 7R13 Processor,4,15,NVIDIA L4: cuda_13.2,2.14.0,2.2.0,2.5.3,1.18.1,"rows & cols scaling + n_estimators, cuda, offload:gpu, kv cache on/off",0.8047±0.0149,0.6284±0.058,,,2026-09-29
771dc007,classification,1000,100,500,10,2,1.229±0.002986,0.1224±0.003329,128.2±1.366,519.2,128.2±1.366,519.2,0.00390625,352.4,8,True,gpu,4,cuda,auto,NVIDIA L4,Linux,x86_64,7.0.0-1013-aws,#13~24.04.1-Ubuntu SMP PREEMPT Sat Sep  5 01:10:01 UTC 2026,AMD EPYC 7R13 Processor,4,15,NVIDIA L4: cuda_13.2,2.14.0,2.2.0,2.5.3,1.18.1,"rows & cols scaling + n_estimators, cuda, offload:gpu, kv cache on/off",0.8047±0.0149,0.6285±0.05801,,,2026-09-29
f8439166,classification,1000,100,500,10,1,0.3291±0.001242,0.1452±0.001415,129.2±2.733,610.1,129.2±2.733,110.7,0.00390625,610.1,8,False,gpu,4,cuda,auto,NVIDIA L4,Linux,x86_64,7.0.0-1013-aws,#13~24.04.1-Ubuntu SMP PREEMPT Sat Sep  5 01:10:01 UTC 2026,AMD EPYC 7R13 Processor,4,15,NVIDIA L4: cuda_13.2,2.14.0,2.2.0,2.5.3,1.18.1,"rows & cols scaling + n_estimators, cuda, offload:gpu, kv cache on/off",0.8067±0.02149,0.6438±0.06147,,,2026-09-29
f8439166,classification,1000,100,500,10,1,0.4124±0.0005217,0.0815±0.0006555,127.4±0.7625,477,127.4±0.7625,477,0.00390625,310.4,8,True,gpu,4,cuda,auto,NVIDIA L4,Linux,x86_64,7.0.0-1013-aws,#13~24.04.1-Ubuntu SMP PREEMPT Sat Sep  5 01:10:01 UTC 2026,AMD EPYC 7R13 Processor,4,15,NVIDIA L4: cuda_13.2,2.14.0,2.2.0,2.5.3,1.18.1,"rows & cols scaling + n_estimators, cuda, offload:gpu, kv cache on/off",0.8073±0.02237,0.6438±0.06146,,,2026-09-29
d0955af1,classification,1000,100,30,10,4,1.079±0.008611,0.3752±0.007242,129.5±1.033,819.1,129.5±1.033,109.9,0.005208±0.002017,819.1,8,False,gpu,4,cuda,auto,NVIDIA L4,Linux,x86_64,7.0.0-1013-aws,#13~24.04.1-Ubuntu SMP PREEMPT Sat Sep  5 01:10:01 UTC 2026,AMD EPYC 7R13 Processor,4,15,NVIDIA L4: cuda_13.2,2.14.0,2.2.0,2.5.3,1.18.1,"rows & cols scaling + n_estimators, cuda, offload:gpu, kv cache on/off",0.8556±0.04554,0.5595±0.2035,,,2026-09-29
d0955af1,classification,1000,100,30,10,4,1.389±0.00801,0.07767±0.007453,127.6±0.5194,932,127.6±0.5194,932,0.007812±0.006052,318.8,8,True,gpu,4,cuda,auto,NVIDIA L4,Linux,x86_64,7.0.0-1013-aws,#13~24.04.1-Ubuntu SMP PREEMPT Sat Sep  5 01:10:01 UTC 2026,AMD EPYC 7R13 Processor,4,15,NVIDIA L4: cuda_13.2,2.14.0,2.2.0,2.5.3,1.18.1,"rows & cols scaling + n_estimators, cuda, offload:gpu, kv cache on/off",0.8556±0.04554,0.5594±0.2037,,,2026-09-29
cf2af60c,classification,1000,100,30,10,2,1.126±0.01502,0.2102±0.01076,130.2±1.366,468.6,130.2±1.366,113.1,0.01302±0.004034,468.6,8,False,gpu,4,cuda,auto,NVIDIA L4,Linux,x86_64,7.0.0-1013-aws,#13~24.04.1-Ubuntu SMP PREEMPT Sat Sep  5 01:10:01 UTC 2026,AMD EPYC 7R13 Processor,4,15,NVIDIA L4: cuda_13.2,2.14.0,2.2.0,2.5.3,1.18.1,"rows & cols scaling + n_estimators, cuda, offload:gpu, kv cache on/off",0.8556±0.04554,0.6584±0.2241,,,2026-09-29
cf2af60c,classification,1000,100,30,10,2,1.247±0.007858,0.0686±0.007389,127.2±0.5184,520.6,127.2±0.5184,520.6,0.009115±0.008069,229.5,8,True,gpu,4,cuda,auto,NVIDIA L4,Linux,x86_64,7.0.0-1013-aws,#13~24.04.1-Ubuntu SMP PREEMPT Sat Sep  5 01:10:01 UTC 2026,AMD EPYC 7R13 Processor,4,15,NVIDIA L4: cuda_13.2,2.14.0,2.2.0,2.5.3,1.18.1,"rows & cols scaling + n_estimators, cuda, offload:gpu, kv cache on/off",0.8556±0.04554,0.6589±0.2251,,,2026-09-29
d7959ab9,classification,1000,100,30,10,1,0.3382±0.007602,0.106±0.008602,132.9±1.789,466,132.9±1.789,110.5,1.671±2.582,466,8,False,gpu,4,cuda,auto,NVIDIA L4,Linux,x86_64,7.0.0-1013-aws,#13~24.04.1-Ubuntu SMP PREEMPT Sat Sep  5 01:10:01 UTC 2026,AMD EPYC 7R13 Processor,4,15,NVIDIA L4: cuda_13.2,2.14.0,2.2.0,2.5.3,1.18.1,"rows & cols scaling + n_estimators, cuda, offload:gpu, kv cache on/off",0.8111±0.04554,0.6824±0.2616,,,2026-09-29
d7959ab9,classification,1000,100,30,10,1,0.4313±0.01339,0.04919±0.01347,127.5±6.772,476.5,127.5±6.772,476.5,4.671±7.23,185.3,8,True,gpu,4,cuda,auto,NVIDIA L4,Linux,x86_64,7.0.0-1013-aws,#13~24.04.1-Ubuntu SMP PREEMPT Sat Sep  5 01:10:01 UTC 2026,AMD EPYC 7R13 Processor,4,15,NVIDIA L4: cuda_13.2,2.14.0,2.2.0,2.5.3,1.18.1,"rows & cols scaling + n_estimators, cuda, offload:gpu, kv cache on/off",0.8111±0.04554,0.6819±0.2628,,,2026-09-29
59ff1dce,classification,1000,100,2,10,4,1.066±0.01571,0.3583±0.01748,133.9±0.8944,802.3,133.9±0.8944,109.7,0.01562±0.01815,802.3,8,False,gpu,4,cuda,auto,NVIDIA L4,Linux,x86_64,7.0.0-1013-aws,#13~24.04.1-Ubuntu SMP PREEMPT Sat Sep  5 01:10:01 UTC 2026,AMD EPYC 7R13 Processor,4,15,NVIDIA L4: cuda_13.2,2.14.0,2.2.0,2.5.3,1.18.1,"rows & cols scaling + n_estimators, cuda, offload:gpu, kv cache on/off",0.8333±0.2582,0.5195±0.4368,,,2026-09-29
59ff1dce,classification,1000,100,2,10,4,1.389±0.007675,0.09976±0.007512,124.9±8.534,929,124.9±8.534,929,6.672±8.826,314.9,8,True,gpu,4,cuda,auto,NVIDIA L4,Linux,x86_64,7.0.0-1013-aws,#13~24.04.1-Ubuntu SMP PREEMPT Sat Sep  5 01:10:01 UTC 2026,AMD EPYC 7R13 Processor,4,15,NVIDIA L4: cuda_13.2,2.14.0,2.2.0,2.5.3,1.18.1,"rows & cols scaling + n_estimators, cuda, offload:gpu, kv cache on/off",0.8333±0.2582,0.5194±0.4367,,,2026-09-29
15647312,classification,1000,100,2,10,2,1.07±0.007283,0.2217±0.006868,132.2±1.864,461.3,132.2±1.864,113.1,0.02474±0.02378,461.3,8,False,gpu,4,cuda,auto,NVIDIA L4,Linux,x86_64,7.0.0-1013-aws,#13~24.04.1-Ubuntu SMP PREEMPT Sat Sep  5 01:10:01 UTC 2026,AMD EPYC 7R13 Processor,4,15,NVIDIA L4: cuda_13.2,2.14.0,2.2.0,2.5.3,1.18.1,"rows & cols scaling + n_estimators, cuda, offload:gpu, kv cache on/off",0.6667±0.2582,0.9129±0.6125,,,2026-09-29
15647312,classification,1000,100,2,10,2,1.243±0.001403,0.07298±0.002017,131.9±1.549,518.2,131.9±1.549,518.2,0.00390625,228,8,True,gpu,4,cuda,auto,NVIDIA L4,Linux,x86_64,7.0.0-1013-aws,#13~24.04.1-Ubuntu SMP PREEMPT Sat Sep  5 01:10:01 UTC 2026,AMD EPYC 7R13 Processor,4,15,NVIDIA L4: cuda_13.2,2.14.0,2.2.0,2.5.3,1.18.1,"rows & cols scaling + n_estimators, cuda, offload:gpu, kv cache on/off",0.6667±0.2582,0.9129±0.6126,,,2026-09-29
f0e452c1,classification,1000,100,2,10,1,0.3346±0.01227,0.1064±0.01242,130.8828125,456.8,130.8828125,108.4,0.00390625,456.8,8,False,gpu,4,cuda,auto,NVIDIA L4,Linux,x86_64,7.0.0-1013-aws,#13~24.04.1-Ubuntu SMP PREEMPT Sat Sep  5 01:10:01 UTC 2026,AMD EPYC 7R13 Processor,4,15,NVIDIA L4: cuda_13.2,2.14.0,2.2.0,2.5.3,1.18.1,"rows & cols scaling + n_estimators, cuda, offload:gpu, kv cache on/off",0.5,0.9373±0.05723,,,2026-09-29
f0e452c1,classification,1000,100,2,10,1,0.4225±0.0101,0.05598±0.01017,130.5±1.366,475.3,130.5±1.366,475.3,0.00390625,183.9,8,True,gpu,4,cuda,auto,NVIDIA L4,Linux,x86_64,7.0.0-1013-aws,#13~24.04.1-Ubuntu SMP PREEMPT Sat Sep  5 01:10:01 UTC 2026,AMD EPYC 7R13 Processor,4,15,NVIDIA L4: cuda_13.2,2.14.0,2.2.0,2.5.3,1.18.1,"rows & cols scaling + n_estimators, cuda, offload:gpu, kv cache on/off",0.5,0.9374±0.05804,,,2026-09-29
760b5ebe,classification,1000,40,8000,10,4,0.5457±0.00891,1.719±0.008379,0.005208±0.002255,4048,0.005208±0.002255,112.5,0.005208±0.002255,4048,8,False,gpu,4,cuda,auto,NVIDIA L4,Linux,x86_64,7.0.0-1013-aws,#13~24.04.1-Ubuntu SMP PREEMPT Sat Sep  5 01:10:01 UTC 2026,AMD EPYC 7R13 Processor,4,15,NVIDIA L4: cuda_13.2,2.14.0,2.2.0,2.5.3,1.18.1,"rows & cols scaling + n_estimators, cuda, offload:gpu, kv cache on/off",0.9304±0.003378,0.2643±0.0118,,,2026-09-29
760b5ebe,classification,1000,40,8000,10,4,0.7562±0.00705,1.497±0.02055,0.00390625,3817,0.00390625,758.3,0.00390625,3817,8,True,gpu,4,cuda,auto,NVIDIA L4,Linux,x86_64,7.0.0-1013-aws,#13~24.04.1-Ubuntu SMP PREEMPT Sat Sep  5 01:10:01 UTC 2026,AMD EPYC 7R13 Processor,4,15,NVIDIA L4: cuda_13.2,2.14.0,2.2.0,2.5.3,1.18.1,"rows & cols scaling + n_estimators, cuda, offload:gpu, kv cache on/off",0.9304±0.003378,0.2643±0.0118,,,2026-09-29
94f5b532,classification,1000,40,8000,10,2,0.55±0.005804,0.8479±0.006123,0.01172±0.003906,2079,0.01172±0.003906,111.4,0.01172±0.003906,2079,8,False,gpu,4,cuda,auto,NVIDIA L4,Linux,x86_64,7.0.0-1013-aws,#13~24.04.1-Ubuntu SMP PREEMPT Sat Sep  5 01:10:01 UTC 2026,AMD EPYC 7R13 Processor,4,15,NVIDIA L4: cuda_13.2,2.14.0,2.2.0,2.5.3,1.18.1,"rows & cols scaling + n_estimators, cuda, offload:gpu, kv cache on/off",0.9261±0.002386,0.2768±0.009671,,,2026-09-29
94f5b532,classification,1000,40,8000,10,2,0.6561±0.007688,0.7804±0.02124,0.02474±0.03276,1965,0.02344±0.03383,435.8,0.02474±0.03276,1965,8,True,gpu,4,cuda,auto,NVIDIA L4,Linux,x86_64,7.0.0-1013-aws,#13~24.04.1-Ubuntu SMP PREEMPT Sat Sep  5 01:10:01 UTC 2026,AMD EPYC 7R13 Processor,4,15,NVIDIA L4: cuda_13.2,2.14.0,2.2.0,2.5.3,1.18.1,"rows & cols scaling + n_estimators, cuda, offload:gpu, kv cache on/off",0.9261±0.002386,0.2768±0.009671,,,2026-09-29
41cbfa47,classification,1000,40,8000,10,1,0.2522±0.0002843,0.413±0.002356,0.05469±0.06811,2083,0.05208±0.06679,114.6,0.05469±0.06811,2083,8,False,gpu,4,cuda,auto,NVIDIA L4,Linux,x86_64,7.0.0-1013-aws,#13~24.04.1-Ubuntu SMP PREEMPT Sat Sep  5 01:10:01 UTC 2026,AMD EPYC 7R13 Processor,4,15,NVIDIA L4: cuda_13.2,2.14.0,2.2.0,2.5.3,1.18.1,"rows & cols scaling + n_estimators, cuda, offload:gpu, kv cache on/off",0.9246±0.002581,0.2797±0.01101,,,2026-09-29
41cbfa47,classification,1000,40,8000,10,1,0.3051±0.0014,0.391±0.02653,0.009115±0.005967,1900,0.009115±0.005967,370,0.009115±0.005967,1900,8,True,gpu,4,cuda,auto,NVIDIA L4,Linux,x86_64,7.0.0-1013-aws,#13~24.04.1-Ubuntu SMP PREEMPT Sat Sep  5 01:10:01 UTC 2026,AMD EPYC 7R13 Processor,4,15,NVIDIA L4: cuda_13.2,2.14.0,2.2.0,2.5.3,1.18.1,"rows & cols scaling + n_estimators, cuda, offload:gpu, kv cache on/off",0.9246±0.002581,0.2797±0.01101,,,2026-09-29
9edb6b3e,classification,1000,40,2000,10,4,0.5854±0.005123,0.624±0.00579,66.22±1.155,1459,66.22±1.155,110.7,0.00390625,1459,8,False,gpu,4,cuda,auto,NVIDIA L4,Linux,x86_64,7.0.0-1013-aws,#13~24.04.1-Ubuntu SMP PREEMPT Sat Sep  5 01:10:01 UTC 2026,AMD EPYC 7R13 Processor,4,15,NVIDIA L4: cuda_13.2,2.14.0,2.2.0,2.5.3,1.18.1,"rows & cols scaling + n_estimators, cuda, offload:gpu, kv cache on/off",0.9338±0.003403,0.2446±0.0157,,,2026-09-29
9edb6b3e,classification,1000,40,2000,10,4,0.8333±0.01654,0.4096±0.01469,65.07±3.137,1230,65.07±3.137,757.3,0.00390625,1230,8,True,gpu,4,cuda,auto,NVIDIA L4,Linux,x86_64,7.0.0-1013-aws,#13~24.04.1-Ubuntu SMP PREEMPT Sat Sep  5 01:10:01 UTC 2026,AMD EPYC 7R13 Processor,4,15,NVIDIA L4: cuda_13.2,2.14.0,2.2.0,2.5.3,1.18.1,"rows & cols scaling + n_estimators, cuda, offload:gpu, kv cache on/off",0.9338±0.003403,0.2446±0.0157,,,2026-09-29
011b34bd,classification,1000,40,2000,10,2,0.6023±0.02283,0.3611±0.008303,65.55±2.309,781.7,65.55±2.309,107.9,0.01172±0.006766,781.7,8,False,gpu,4,cuda,auto,NVIDIA L4,Linux,x86_64,7.0.0-1013-aws,#13~24.04.1-Ubuntu SMP PREEMPT Sat Sep  5 01:10:01 UTC 2026,AMD EPYC 7R13 Processor,4,15,NVIDIA L4: cuda_13.2,2.14.0,2.2.0,2.5.3,1.18.1,"rows & cols scaling + n_estimators, cuda, offload:gpu, kv cache on/off",0.9252±0.003175,0.2615±0.02043,,,2026-09-29
011b34bd,classification,1000,40,2000,10,2,0.7037±0.006625,0.2445±0.02292,66.22±1.156,671.3,66.22±1.156,436,0.009115±0.009021,671.3,8,True,gpu,4,cuda,auto,NVIDIA L4,Linux,x86_64,7.0.0-1013-aws,#13~24.04.1-Ubuntu SMP PREEMPT Sat Sep  5 01:10:01 UTC 2026,AMD EPYC 7R13 Processor,4,15,NVIDIA L4: cuda_13.2,2.14.0,2.2.0,2.5.3,1.18.1,"rows & cols scaling + n_estimators, cuda, offload:gpu, kv cache on/off",0.9252±0.003175,0.2615±0.02043,,,2026-09-29
cb8f2ae2,classification,1000,40,2000,10,1,0.29±0.002478,0.1712±0.002249,71.22±2.308,786.3,71.22±2.308,112.8,0.005208±0.002255,786.3,8,False,gpu,4,cuda,auto,NVIDIA L4,Linux,x86_64,7.0.0-1013-aws,#13~24.04.1-Ubuntu SMP PREEMPT Sat Sep  5 01:10:01 UTC 2026,AMD EPYC 7R13 Processor,4,15,NVIDIA L4: cuda_13.2,2.14.0,2.2.0,2.5.3,1.18.1,"rows & cols scaling + n_estimators, cuda, offload:gpu, kv cache on/off",0.9253±0.003819,0.2673±0.01378,,,2026-09-29
cb8f2ae2,classification,1000,40,2000,10,1,0.3485±0.001094,0.1066±0.00137,67.22±2.517,607.3,67.22±2.517,371.2,0.00390625,607.3,8,True,gpu,4,cuda,auto,NVIDIA L4,Linux,x86_64,7.0.0-1013-aws,#13~24.04.1-Ubuntu SMP PREEMPT Sat Sep  5 01:10:01 UTC 2026,AMD EPYC 7R13 Processor,4,15,NVIDIA L4: cuda_13.2,2.14.0,2.2.0,2.5.3,1.18.1,"rows & cols scaling + n_estimators, cuda, offload:gpu, kv cache on/off",0.9253±0.003819,0.2673±0.01378,,,2026-09-29
59de7cc9,classification,1000,40,500,10,4,0.5911±0.01696,0.3781±0.01557,61.22±1.155,810.4,61.22±1.155,109.9,0.01042±0.008132,810.4,8,False,gpu,4,cuda,auto,NVIDIA L4,Linux,x86_64,7.0.0-1013-aws,#13~24.04.1-Ubuntu SMP PREEMPT Sat Sep  5 01:10:01 UTC 2026,AMD EPYC 7R13 Processor,4,15,NVIDIA L4: cuda_13.2,2.14.0,2.2.0,2.5.3,1.18.1,"rows & cols scaling + n_estimators, cuda, offload:gpu, kv cache on/off",0.936±0.012,0.2489±0.01229,,,2026-09-29
59de7cc9,classification,1000,40,500,10,4,0.8149±0.001028,0.1542±0.0005363,64.89±2.645,756.7,64.89±2.645,756.7,0.01042±0.008132,585.4,8,True,gpu,4,cuda,auto,NVIDIA L4,Linux,x86_64,7.0.0-1013-aws,#13~24.04.1-Ubuntu SMP PREEMPT Sat Sep  5 01:10:01 UTC 2026,AMD EPYC 7R13 Processor,4,15,NVIDIA L4: cuda_13.2,2.14.0,2.2.0,2.5.3,1.18.1,"rows & cols scaling + n_estimators, cuda, offload:gpu, kv cache on/off",0.936±0.012,0.2489±0.01229,,,2026-09-29
d4de6fe4,classification,1000,40,500,10,2,0.5913±0.01592,0.2152±0.0136,58.26±3.168,460.2,58.26±3.168,109.9,0.01302±0.008132,460.2,8,False,gpu,4,cuda,auto,NVIDIA L4,Linux,x86_64,7.0.0-1013-aws,#13~24.04.1-Ubuntu SMP PREEMPT Sat Sep  5 01:10:01 UTC 2026,AMD EPYC 7R13 Processor,4,15,NVIDIA L4: cuda_13.2,2.14.0,2.2.0,2.5.3,1.18.1,"rows & cols scaling + n_estimators, cuda, offload:gpu, kv cache on/off",0.926±0.005292,0.2716±0.01205,,,2026-09-29
d4de6fe4,classification,1000,40,500,10,2,0.7029±0.01158,0.1011±0.017,58.88±2.646,437.9,58.88±2.646,437.9,0.00390625,350.9,8,True,gpu,4,cuda,auto,NVIDIA L4,Linux,x86_64,7.0.0-1013-aws,#13~24.04.1-Ubuntu SMP PREEMPT Sat Sep  5 01:10:01 UTC 2026,AMD EPYC 7R13 Processor,4,15,NVIDIA L4: cuda_13.2,2.14.0,2.2.0,2.5.3,1.18.1,"rows & cols scaling + n_estimators, cuda, offload:gpu, kv cache on/off",0.926±0.005292,0.2716±0.01205,,,2026-09-29
734ee704,classification,1000,40,500,10,1,0.2867±0.001057,0.1074±0.002131,60.55±2.312,463.3,60.55±2.312,112.7,0.00651±0.002255,463.3,8,False,gpu,4,cuda,auto,NVIDIA L4,Linux,x86_64,7.0.0-1013-aws,#13~24.04.1-Ubuntu SMP PREEMPT Sat Sep  5 01:10:01 UTC 2026,AMD EPYC 7R13 Processor,4,15,NVIDIA L4: cuda_13.2,2.14.0,2.2.0,2.5.3,1.18.1,"rows & cols scaling + n_estimators, cuda, offload:gpu, kv cache on/off",0.922±0.006928,0.2803±0.01753,,,2026-09-29
734ee704,classification,1000,40,500,10,1,0.3455±0.001132,0.03797±0.001738,57.88±4,374.1,57.88±4,374.1,0.00390625,287.6,8,True,gpu,4,cuda,auto,NVIDIA L4,Linux,x86_64,7.0.0-1013-aws,#13~24.04.1-Ubuntu SMP PREEMPT Sat Sep  5 01:10:01 UTC 2026,AMD EPYC 7R13 Processor,4,15,NVIDIA L4: cuda_13.2,2.14.0,2.2.0,2.5.3,1.18.1,"rows & cols scaling + n_estimators, cuda, offload:gpu, kv cache on/off",0.922±0.006928,0.2803±0.01753,,,2026-09-29
5cb08999,classification,1000,40,30,10,4,0.585±0.004929,0.2794±0.005269,61.88±0.002255,607.3,61.88±0.002255,109.2,0.009115±0.009021,607.3,8,False,gpu,4,cuda,auto,NVIDIA L4,Linux,x86_64,7.0.0-1013-aws,#13~24.04.1-Ubuntu SMP PREEMPT Sat Sep  5 01:10:01 UTC 2026,AMD EPYC 7R13 Processor,4,15,NVIDIA L4: cuda_13.2,2.14.0,2.2.0,2.5.3,1.18.1,"rows & cols scaling + n_estimators, cuda, offload:gpu, kv cache on/off",0.9556±0.01925,0.2948±0.1774,,,2026-09-29
5cb08999,classification,1000,40,30,10,4,0.8154±0.005973,0.08231±0.005075,60.55±2.313,754.5,60.55±2.313,754.5,0.01042±0.008132,381.6,8,True,gpu,4,cuda,auto,NVIDIA L4,Linux,x86_64,7.0.0-1013-aws,#13~24.04.1-Ubuntu SMP PREEMPT Sat Sep  5 01:10:01 UTC 2026,AMD EPYC 7R13 Processor,4,15,NVIDIA L4: cuda_13.2,2.14.0,2.2.0,2.5.3,1.18.1,"rows & cols scaling + n_estimators, cuda, offload:gpu, kv cache on/off",0.9556±0.01925,0.2948±0.1774,,,2026-09-29
aa8c5233,classification,1000,40,30,10,2,0.5784±0.0001472,0.1675±0.0003913,59.22±2.306,359.5,59.22±2.306,109.7,0.01172±0.01353,359.5,8,False,gpu,4,cuda,auto,NVIDIA L4,Linux,x86_64,7.0.0-1013-aws,#13~24.04.1-Ubuntu SMP PREEMPT Sat Sep  5 01:10:01 UTC 2026,AMD EPYC 7R13 Processor,4,15,NVIDIA L4: cuda_13.2,2.14.0,2.2.0,2.5.3,1.18.1,"rows & cols scaling + n_estimators, cuda, offload:gpu, kv cache on/off",0.9333±1.36e-16,0.3008±0.1737,,,2026-09-29
aa8c5233,classification,1000,40,30,10,2,0.7035±0.001187,0.04419±0.0007935,61.8828125,437.2,61.8828125,437.2,0.00390625,247.4,8,True,gpu,4,cuda,auto,NVIDIA L4,Linux,x86_64,7.0.0-1013-aws,#13~24.04.1-Ubuntu SMP PREEMPT Sat Sep  5 01:10:01 UTC 2026,AMD EPYC 7R13 Processor,4,15,NVIDIA L4: cuda_13.2,2.14.0,2.2.0,2.5.3,1.18.1,"rows & cols scaling + n_estimators, cuda, offload:gpu, kv cache on/off",0.9333±1.36e-16,0.3008±0.1737,,,2026-09-29
bf5a6d18,classification,1000,40,30,10,1,0.2911±0.01632,0.09816±0.01287,54.88±1.732,362.7,54.88±1.732,112.3,0.00390625,362.7,8,False,gpu,4,cuda,auto,NVIDIA L4,Linux,x86_64,7.0.0-1013-aws,#13~24.04.1-Ubuntu SMP PREEMPT Sat Sep  5 01:10:01 UTC 2026,AMD EPYC 7R13 Processor,4,15,NVIDIA L4: cuda_13.2,2.14.0,2.2.0,2.5.3,1.18.1,"rows & cols scaling + n_estimators, cuda, offload:gpu, kv cache on/off",0.9444±0.01925,0.3481±0.2013,,,2026-09-29
bf5a6d18,classification,1000,40,30,10,1,0.3497±0.006378,0.04259±0.02404,57.22±4.163,374.8,57.22±4.163,374.8,0.00390625,183.3,8,True,gpu,4,cuda,auto,NVIDIA L4,Linux,x86_64,7.0.0-1013-aws,#13~24.04.1-Ubuntu SMP PREEMPT Sat Sep  5 01:10:01 UTC 2026,AMD EPYC 7R13 Processor,4,15,NVIDIA L4: cuda_13.2,2.14.0,2.2.0,2.5.3,1.18.1,"rows & cols scaling + n_estimators, cuda, offload:gpu, kv cache on/off",0.9444±0.01925,0.3481±0.2013,,,2026-09-29
b90cf3d7,classification,1000,40,2,10,4,0.58±0.009386,0.2775±0.009801,54.55±1.151,602.2,54.55±1.151,111.5,0.007812±0.003906,602.2,8,False,gpu,4,cuda,auto,NVIDIA L4,Linux,x86_64,7.0.0-1013-aws,#13~24.04.1-Ubuntu SMP PREEMPT Sat Sep  5 01:10:01 UTC 2026,AMD EPYC 7R13 Processor,4,15,NVIDIA L4: cuda_13.2,2.14.0,2.2.0,2.5.3,1.18.1,"rows & cols scaling + n_estimators, cuda, offload:gpu, kv cache on/off",0.6667±0.2887,0.6039±0.7081,,,2026-09-29
b90cf3d7,classification,1000,40,2,10,4,0.8145±0.004166,0.09948±0.003911,55.88±1.998,758.7,55.88±1.998,758.7,0.009115±0.009021,370.7,8,True,gpu,4,cuda,auto,NVIDIA L4,Linux,x86_64,7.0.0-1013-aws,#13~24.04.1-Ubuntu SMP PREEMPT Sat Sep  5 01:10:01 UTC 2026,AMD EPYC 7R13 Processor,4,15,NVIDIA L4: cuda_13.2,2.14.0,2.2.0,2.5.3,1.18.1,"rows & cols scaling + n_estimators, cuda, offload:gpu, kv cache on/off",0.6667±0.2887,0.6039±0.7081,,,2026-09-29
2abafccc,classification,1000,40,2,10,2,0.5856±0.003025,0.1549±0.00373,55.22±2.309,357.2,55.22±2.309,109,0.02474±0.01256,357.2,8,False,gpu,4,cuda,auto,NVIDIA L4,Linux,x86_64,7.0.0-1013-aws,#13~24.04.1-Ubuntu SMP PREEMPT Sat Sep  5 01:10:01 UTC 2026,AMD EPYC 7R13 Processor,4,15,NVIDIA L4: cuda_13.2,2.14.0,2.2.0,2.5.3,1.18.1,"rows & cols scaling + n_estimators, cuda, offload:gpu, kv cache on/off",0.6667±0.2887,0.6307±0.6851,,,2026-09-29
2abafccc,classification,1000,40,2,10,2,0.6996±0.002815,0.04585±0.00302,56.22±2.082,437,56.22±2.082,437,0.00390625,239.9,8,True,gpu,4,cuda,auto,NVIDIA L4,Linux,x86_64,7.0.0-1013-aws,#13~24.04.1-Ubuntu SMP PREEMPT Sat Sep  5 01:10:01 UTC 2026,AMD EPYC 7R13 Processor,4,15,NVIDIA L4: cuda_13.2,2.14.0,2.2.0,2.5.3,1.18.1,"rows & cols scaling + n_estimators, cuda, offload:gpu, kv cache on/off",0.6667±0.2887,0.6307±0.6851,,,2026-09-29
afa5ca92,classification,1000,40,2,10,1,0.2809±0.00121,0.08853±0.001633,53.22±0.583,358.4,53.22±0.583,111.1,0.009115±0.005967,358.4,8,False,gpu,4,cuda,auto,NVIDIA L4,Linux,x86_64,7.0.0-1013-aws,#13~24.04.1-Ubuntu SMP PREEMPT Sat Sep  5 01:10:01 UTC 2026,AMD EPYC 7R13 Processor,4,15,NVIDIA L4: cuda_13.2,2.14.0,2.2.0,2.5.3,1.18.1,"rows & cols scaling + n_estimators, cuda, offload:gpu, kv cache on/off",0.6667±0.2887,0.574±0.484,,,2026-09-29
afa5ca92,classification,1000,40,2,10,1,0.3549±0.0143,0.03571±0.01554,56.55±0.5762,371.1,56.55±0.5762,371.1,0.00651±0.002255,175.8,8,True,gpu,4,cuda,auto,NVIDIA L4,Linux,x86_64,7.0.0-1013-aws,#13~24.04.1-Ubuntu SMP PREEMPT Sat Sep  5 01:10:01 UTC 2026,AMD EPYC 7R13 Processor,4,15,NVIDIA L4: cuda_13.2,2.14.0,2.2.0,2.5.3,1.18.1,"rows & cols scaling + n_estimators, cuda, offload:gpu, kv cache on/off",0.6667±0.2887,0.574±0.484,,,2026-09-29
1c522696,classification,1000,20,8000,10,4,0.4087±0.01653,1.188±0.01073,0.01302±0.008132,2257,0.01302±0.008132,111.1,0.01302±0.008132,2257,8,False,gpu,4,cuda,auto,NVIDIA L4,Linux,x86_64,7.0.0-1013-aws,#13~24.04.1-Ubuntu SMP PREEMPT Sat Sep  5 01:10:01 UTC 2026,AMD EPYC 7R13 Processor,4,15,NVIDIA L4: cuda_13.2,2.14.0,2.2.0,2.5.3,1.18.1,"rows & cols scaling + n_estimators, cuda, offload:gpu, kv cache on/off",0.9088±0.009479,0.314±0.0259,,,2026-09-29
1c522696,classification,1000,20,8000,10,4,0.5356±0.0004783,1.007±0.0008823,0.005208±0.002255,2220,0.00390625,508,0.005208±0.002255,2220,8,True,gpu,4,cuda,auto,NVIDIA L4,Linux,x86_64,7.0.0-1013-aws,#13~24.04.1-Ubuntu SMP PREEMPT Sat Sep  5 01:10:01 UTC 2026,AMD EPYC 7R13 Processor,4,15,NVIDIA L4: cuda_13.2,2.14.0,2.2.0,2.5.3,1.18.1,"rows & cols scaling + n_estimators, cuda, offload:gpu, kv cache on/off",0.9088±0.009479,0.314±0.0259,,,2026-09-29
e12df82b,classification,1000,20,8000,10,2,0.4008±0.001962,0.5791±0.003251,0.02474±0.009021,1185,0.02474±0.009021,111.2,0.02474±0.009021,1185,8,False,gpu,4,cuda,auto,NVIDIA L4,Linux,x86_64,7.0.0-1013-aws,#13~24.04.1-Ubuntu SMP PREEMPT Sat Sep  5 01:10:01 UTC 2026,AMD EPYC 7R13 Processor,4,15,NVIDIA L4: cuda_13.2,2.14.0,2.2.0,2.5.3,1.18.1,"rows & cols scaling + n_estimators, cuda, offload:gpu, kv cache on/off",0.9078±0.009638,0.3191±0.02662,,,2026-09-29
e12df82b,classification,1000,20,8000,10,2,0.4749±0.001873,0.5266±0.004223,0.00390625,1168,0.00390625,312.7,0.00390625,1168,8,True,gpu,4,cuda,auto,NVIDIA L4,Linux,x86_64,7.0.0-1013-aws,#13~24.04.1-Ubuntu SMP PREEMPT Sat Sep  5 01:10:01 UTC 2026,AMD EPYC 7R13 Processor,4,15,NVIDIA L4: cuda_13.2,2.14.0,2.2.0,2.5.3,1.18.1,"rows & cols scaling + n_estimators, cuda, offload:gpu, kv cache on/off",0.9078±0.009638,0.3191±0.02662,,,2026-09-29
5e1030f2,classification,1000,20,8000,10,1,0.277±0.02251,0.326±0.05722,53.09±41.74,1188,51.25±44.88,114,1.865±3.223,1188,8,False,gpu,4,cuda,auto,NVIDIA L4,Linux,x86_64,7.0.0-1013-aws,#13~24.04.1-Ubuntu SMP PREEMPT Sat Sep  5 01:10:01 UTC 2026,AMD EPYC 7R13 Processor,4,15,NVIDIA L4: cuda_13.2,2.14.0,2.2.0,2.5.3,1.18.1,"rows & cols scaling + n_estimators, cuda, offload:gpu, kv cache on/off",0.9094±0.01247,0.3152±0.03355,,,2026-09-29
5e1030f2,classification,1000,20,8000,10,1,0.3122±0.003229,0.288±0.004269,16.3±28.22,1110,16.3±28.22,254.4,16.3±28.22,1110,8,True,gpu,4,cuda,auto,NVIDIA L4,Linux,x86_64,7.0.0-1013-aws,#13~24.04.1-Ubuntu SMP PREEMPT Sat Sep  5 01:10:01 UTC 2026,AMD EPYC 7R13 Processor,4,15,NVIDIA L4: cuda_13.2,2.14.0,2.2.0,2.5.3,1.18.1,"rows & cols scaling + n_estimators, cuda, offload:gpu, kv cache on/off",0.9094±0.01247,0.3152±0.03355,,,2026-09-29
563fe619,classification,1000,20,2000,10,4,0.4275±0.004062,0.4132±0.002943,50.22±1.527,845.1,50.22±1.527,110.1,0.005208±0.002255,845.1,8,False,gpu,4,cuda,auto,NVIDIA L4,Linux,x86_64,7.0.0-1013-aws,#13~24.04.1-Ubuntu SMP PREEMPT Sat Sep  5 01:10:01 UTC 2026,AMD EPYC 7R13 Processor,4,15,NVIDIA L4: cuda_13.2,2.14.0,2.2.0,2.5.3,1.18.1,"rows & cols scaling + n_estimators, cuda, offload:gpu, kv cache on/off",0.9028±0.01097,0.3301±0.01118,,,2026-09-29
563fe619,classification,1000,20,2000,10,4,0.5762±0.004304,0.287±0.003577,53.22±1.15,805.2,53.22±1.15,505.1,0.01172±0.006766,805.2,8,True,gpu,4,cuda,auto,NVIDIA L4,Linux,x86_64,7.0.0-1013-aws,#13~24.04.1-Ubuntu SMP PREEMPT Sat Sep  5 01:10:01 UTC 2026,AMD EPYC 7R13 Processor,4,15,NVIDIA L4: cuda_13.2,2.14.0,2.2.0,2.5.3,1.18.1,"rows & cols scaling + n_estimators, cuda, offload:gpu, kv cache on/off",0.9028±0.01097,0.3301±0.01118,,,2026-09-29
464c9e77,classification,1000,20,2000,10,2,0.4328±0.001131,0.2129±0.002272,53.56±0.583,478.5,53.56±0.583,110.6,0.01042±0.008132,478.5,8,False,gpu,4,cuda,auto,NVIDIA L4,Linux,x86_64,7.0.0-1013-aws,#13~24.04.1-Ubuntu SMP PREEMPT Sat Sep  5 01:10:01 UTC 2026,AMD EPYC 7R13 Processor,4,15,NVIDIA L4: cuda_13.2,2.14.0,2.2.0,2.5.3,1.18.1,"rows & cols scaling + n_estimators, cuda, offload:gpu, kv cache on/off",0.8995±0.01262,0.3358±0.01467,,,2026-09-29
464c9e77,classification,1000,20,2000,10,2,0.511±0.01422,0.1303±0.01369,52.88±1,463.5,52.88±1,314,0.00390625,463.5,8,True,gpu,4,cuda,auto,NVIDIA L4,Linux,x86_64,7.0.0-1013-aws,#13~24.04.1-Ubuntu SMP PREEMPT Sat Sep  5 01:10:01 UTC 2026,AMD EPYC 7R13 Processor,4,15,NVIDIA L4: cuda_13.2,2.14.0,2.2.0,2.5.3,1.18.1,"rows & cols scaling + n_estimators, cuda, offload:gpu, kv cache on/off",0.8995±0.01262,0.3358±0.01467,,,2026-09-29
c16317a5,classification,1000,20,2000,10,1,0.2774±0.01586,0.1187±0.01438,0.01302±0.002255,480.2,0.01302±0.002255,112.7,0.01302±0.002255,480.2,8,False,gpu,4,cuda,auto,NVIDIA L4,Linux,x86_64,7.0.0-1013-aws,#13~24.04.1-Ubuntu SMP PREEMPT Sat Sep  5 01:10:01 UTC 2026,AMD EPYC 7R13 Processor,4,15,NVIDIA L4: cuda_13.2,2.14.0,2.2.0,2.5.3,1.18.1,"rows & cols scaling + n_estimators, cuda, offload:gpu, kv cache on/off",0.9025±0.005568,0.3335±0.005707,,,2026-09-29
c16317a5,classification,1000,20,2000,10,1,0.3241±0.02541,0.07219±0.01625,16.3±28.22,403.6,16.3±28.22,253.5,0.00390625,403.6,8,True,gpu,4,cuda,auto,NVIDIA L4,Linux,x86_64,7.0.0-1013-aws,#13~24.04.1-Ubuntu SMP PREEMPT Sat Sep  5 01:10:01 UTC 2026,AMD EPYC 7R13 Processor,4,15,NVIDIA L4: cuda_13.2,2.14.0,2.2.0,2.5.3,1.18.1,"rows & cols scaling + n_estimators, cuda, offload:gpu, kv cache on/off",0.9025±0.005568,0.3335±0.005707,,,2026-09-29
fe2e1a47,classification,1000,20,500,10,4,0.4301±0.02897,0.2138±0.009489,0.04297±0.06766,491.3,0.00651±0.004511,109.2,0.04297±0.06766,491.3,8,False,gpu,4,cuda,auto,NVIDIA L4,Linux,x86_64,7.0.0-1013-aws,#13~24.04.1-Ubuntu SMP PREEMPT Sat Sep  5 01:10:01 UTC 2026,AMD EPYC 7R13 Processor,4,15,NVIDIA L4: cuda_13.2,2.14.0,2.2.0,2.5.3,1.18.1,"rows & cols scaling + n_estimators, cuda, offload:gpu, kv cache on/off",0.9073±0.02501,0.3378±0.06271,,,2026-09-29
fe2e1a47,classification,1000,20,500,10,4,0.5692±0.01445,0.09006±0.01312,0.005208±0.002255,505.3,0.005208±0.002255,505.3,0.005208±0.002255,453.3,8,True,gpu,4,cuda,auto,NVIDIA L4,Linux,x86_64,7.0.0-1013-aws,#13~24.04.1-Ubuntu SMP PREEMPT Sat Sep  5 01:10:01 UTC 2026,AMD EPYC 7R13 Processor,4,15,NVIDIA L4: cuda_13.2,2.14.0,2.2.0,2.5.3,1.18.1,"rows & cols scaling + n_estimators, cuda, offload:gpu, kv cache on/off",0.9073±0.02501,0.3378±0.06271,,,2026-09-29
facf8f18,classification,1000,20,500,10,2,0.4029±0.003105,0.1193±0.02703,1.005±1.734,299.8,1.004±1.732,108.1,1.005±1.734,299.8,8,False,gpu,4,cuda,auto,NVIDIA L4,Linux,x86_64,7.0.0-1013-aws,#13~24.04.1-Ubuntu SMP PREEMPT Sat Sep  5 01:10:01 UTC 2026,AMD EPYC 7R13 Processor,4,15,NVIDIA L4: cuda_13.2,2.14.0,2.2.0,2.5.3,1.18.1,"rows & cols scaling + n_estimators, cuda, offload:gpu, kv cache on/off",0.9033±0.02013,0.3507±0.06199,,,2026-09-29
facf8f18,classification,1000,20,500,10,2,0.4992±0.008723,0.06865±0.02152,0.00651±0.004511,312,0.00651±0.004511,312,0.00651±0.004511,284.2,8,True,gpu,4,cuda,auto,NVIDIA L4,Linux,x86_64,7.0.0-1013-aws,#13~24.04.1-Ubuntu SMP PREEMPT Sat Sep  5 01:10:01 UTC 2026,AMD EPYC 7R13 Processor,4,15,NVIDIA L4: cuda_13.2,2.14.0,2.2.0,2.5.3,1.18.1,"rows & cols scaling + n_estimators, cuda, offload:gpu, kv cache on/off",0.9033±0.02013,0.3507±0.06199,,,2026-09-29
8f9c1a2b,classification,1000,20,500,10,1,0.25±0.001146,0.05316±0.0009719,0.01042±0.005967,302.1,0.009115±0.004511,110.7,0.01042±0.005967,302.1,8,False,gpu,4,cuda,auto,NVIDIA L4,Linux,x86_64,7.0.0-1013-aws,#13~24.04.1-Ubuntu SMP PREEMPT Sat Sep  5 01:10:01 UTC 2026,AMD EPYC 7R13 Processor,4,15,NVIDIA L4: cuda_13.2,2.14.0,2.2.0,2.5.3,1.18.1,"rows & cols scaling + n_estimators, cuda, offload:gpu, kv cache on/off",0.9033±0.01514,0.3547±0.06449,,,2026-09-29
8f9c1a2b,classification,1000,20,500,10,1,0.2971±0.01605,0.04638±0.01297,0.2982±0.5097,253.7,0.2982±0.5097,253.7,0.2982±0.5097,226.9,8,True,gpu,4,cuda,auto,NVIDIA L4,Linux,x86_64,7.0.0-1013-aws,#13~24.04.1-Ubuntu SMP PREEMPT Sat Sep  5 01:10:01 UTC 2026,AMD EPYC 7R13 Processor,4,15,NVIDIA L4: cuda_13.2,2.14.0,2.2.0,2.5.3,1.18.1,"rows & cols scaling + n_estimators, cuda, offload:gpu, kv cache on/off",0.9033±0.01514,0.3547±0.06449,,,2026-09-29
4999a2f4,classification,1000,20,30,10,4,0.4025±0.00218,0.1495±0.002314,0.00390625,382.2,0.00390625,110.6,0.00390625,382.2,8,False,gpu,4,cuda,auto,NVIDIA L4,Linux,x86_64,7.0.0-1013-aws,#13~24.04.1-Ubuntu SMP PREEMPT Sat Sep  5 01:10:01 UTC 2026,AMD EPYC 7R13 Processor,4,15,NVIDIA L4: cuda_13.2,2.14.0,2.2.0,2.5.3,1.18.1,"rows & cols scaling + n_estimators, cuda, offload:gpu, kv cache on/off",0.9333±0.06667,0.2747±0.241,,,2026-09-29
4999a2f4,classification,1000,20,30,10,4,0.548±0.01631,0.06638±0.01303,0.00390625,507.9,0.00390625,507.9,0.00390625,347.7,8,True,gpu,4,cuda,auto,NVIDIA L4,Linux,x86_64,7.0.0-1013-aws,#13~24.04.1-Ubuntu SMP PREEMPT Sat Sep  5 01:10:01 UTC 2026,AMD EPYC 7R13 Processor,4,15,NVIDIA L4: cuda_13.2,2.14.0,2.2.0,2.5.3,1.18.1,"rows & cols scaling + n_estimators, cuda, offload:gpu, kv cache on/off",0.9333±0.06667,0.2747±0.241,,,2026-09-29
eeebf6a1,classification,1000,20,30,10,2,0.4038±0.0004867,0.0794±0.0008356,0.00390625,244.6,0.00390625,108.1,0.00390625,244.6,8,False,gpu,4,cuda,auto,NVIDIA L4,Linux,x86_64,7.0.0-1013-aws,#13~24.04.1-Ubuntu SMP PREEMPT Sat Sep  5 01:10:01 UTC 2026,AMD EPYC 7R13 Processor,4,15,NVIDIA L4: cuda_13.2,2.14.0,2.2.0,2.5.3,1.18.1,"rows & cols scaling + n_estimators, cuda, offload:gpu, kv cache on/off",0.9222±0.05092,0.2721±0.2504,,,2026-09-29
eeebf6a1,classification,1000,20,30,10,2,0.4773±0.001372,0.06963±0.0005832,0.00390625,310.4,0.00390625,310.4,0.00390625,228.9,8,True,gpu,4,cuda,auto,NVIDIA L4,Linux,x86_64,7.0.0-1013-aws,#13~24.04.1-Ubuntu SMP PREEMPT Sat Sep  5 01:10:01 UTC 2026,AMD EPYC 7R13 Processor,4,15,NVIDIA L4: cuda_13.2,2.14.0,2.2.0,2.5.3,1.18.1,"rows & cols scaling + n_estimators, cuda, offload:gpu, kv cache on/off",0.9222±0.05092,0.2721±0.2504,,,2026-09-29
ebf01a03,classification,1000,20,30,10,1,0.2534±0.001494,0.03975±0.001225,0.00390625,247.4,0.00390625,111.1,0.00390625,247.4,8,False,gpu,4,cuda,auto,NVIDIA L4,Linux,x86_64,7.0.0-1013-aws,#13~24.04.1-Ubuntu SMP PREEMPT Sat Sep  5 01:10:01 UTC 2026,AMD EPYC 7R13 Processor,4,15,NVIDIA L4: cuda_13.2,2.14.0,2.2.0,2.5.3,1.18.1,"rows & cols scaling + n_estimators, cuda, offload:gpu, kv cache on/off",0.9222±0.03849,0.2825±0.2543,,,2026-09-29
ebf01a03,classification,1000,20,30,10,1,0.2904±0.003045,0.03489±0.003033,2.629±4.547,253.6,2.629±4.547,253.6,2.629±4.547,170.7,8,True,gpu,4,cuda,auto,NVIDIA L4,Linux,x86_64,7.0.0-1013-aws,#13~24.04.1-Ubuntu SMP PREEMPT Sat Sep  5 01:10:01 UTC 2026,AMD EPYC 7R13 Processor,4,15,NVIDIA L4: cuda_13.2,2.14.0,2.2.0,2.5.3,1.18.1,"rows & cols scaling + n_estimators, cuda, offload:gpu, kv cache on/off",0.9222±0.03849,0.2825±0.2543,,,2026-09-29
039e5102,classification,1000,20,2,10,4,0.4048±0.009353,0.1585±0.02074,8.962±15.52,377.1,8.962±15.52,110.5,8.962±15.52,377.1,8,False,gpu,4,cuda,auto,NVIDIA L4,Linux,x86_64,7.0.0-1013-aws,#13~24.04.1-Ubuntu SMP PREEMPT Sat Sep  5 01:10:01 UTC 2026,AMD EPYC 7R13 Processor,4,15,NVIDIA L4: cuda_13.2,2.14.0,2.2.0,2.5.3,1.18.1,"rows & cols scaling + n_estimators, cuda, offload:gpu, kv cache on/off",0.8333±0.2887,0.487±0.5566,,,2026-09-29
039e5102,classification,1000,20,2,10,4,0.5347±0.0004926,0.07578±0.001305,0.005208±0.002255,508.8,0.005208±0.002255,508.8,0.005208±0.002255,338,8,True,gpu,4,cuda,auto,NVIDIA L4,Linux,x86_64,7.0.0-1013-aws,#13~24.04.1-Ubuntu SMP PREEMPT Sat Sep  5 01:10:01 UTC 2026,AMD EPYC 7R13 Processor,4,15,NVIDIA L4: cuda_13.2,2.14.0,2.2.0,2.5.3,1.18.1,"rows & cols scaling + n_estimators, cuda, offload:gpu, kv cache on/off",0.8333±0.2887,0.487±0.5566,,,2026-09-29
579b4fc5,classification,1000,20,2,10,2,0.4427±0.01374,0.1068±0.01668,63.19±1.193,242.2,63.19±1.193,109.2,0.00390625,242.2,8,False,gpu,4,cuda,auto,NVIDIA L4,Linux,x86_64,7.0.0-1013-aws,#13~24.04.1-Ubuntu SMP PREEMPT Sat Sep  5 01:10:01 UTC 2026,AMD EPYC 7R13 Processor,4,15,NVIDIA L4: cuda_13.2,2.14.0,2.2.0,2.5.3,1.18.1,"rows & cols scaling + n_estimators, cuda, offload:gpu, kv cache on/off",0.8333±0.2887,0.5102±0.589,,,2026-09-29
579b4fc5,classification,1000,20,2,10,2,0.4998±0.001971,0.04387±0.002086,43.88±1,311.8,43.88±1,311.8,0.00390625,225.5,8,True,gpu,4,cuda,auto,NVIDIA L4,Linux,x86_64,7.0.0-1013-aws,#13~24.04.1-Ubuntu SMP PREEMPT Sat Sep  5 01:10:01 UTC 2026,AMD EPYC 7R13 Processor,4,15,NVIDIA L4: cuda_13.2,2.14.0,2.2.0,2.5.3,1.18.1,"rows & cols scaling + n_estimators, cuda, offload:gpu, kv cache on/off",0.8333±0.2887,0.5102±0.589,,,2026-09-29
a198785c,classification,1000,20,2,10,1,0.3022±0.0246,0.1059±0.05658,96.12±50.63,243.3,96.12±50.63,110.6,10.53±9.968,243.3,8,False,gpu,4,cuda,auto,NVIDIA L4,Linux,x86_64,7.0.0-1013-aws,#13~24.04.1-Ubuntu SMP PREEMPT Sat Sep  5 01:10:01 UTC 2026,AMD EPYC 7R13 Processor,4,15,NVIDIA L4: cuda_13.2,2.14.0,2.2.0,2.5.3,1.18.1,"rows & cols scaling + n_estimators, cuda, offload:gpu, kv cache on/off",0.8333±0.2887,0.6467±0.7549,,,2026-09-29
a198785c,classification,1000,20,2,10,1,0.341±0.003319,0.03871±0.01208,99.55±5.132,249.1,99.55±5.132,249.1,5.16±8.528,166.7,8,True,gpu,4,cuda,auto,NVIDIA L4,Linux,x86_64,7.0.0-1013-aws,#13~24.04.1-Ubuntu SMP PREEMPT Sat Sep  5 01:10:01 UTC 2026,AMD EPYC 7R13 Processor,4,15,NVIDIA L4: cuda_13.2,2.14.0,2.2.0,2.5.3,1.18.1,"rows & cols scaling + n_estimators, cuda, offload:gpu, kv cache on/off",0.8333±0.2887,0.6467±0.7548,,,2026-09-29
cea87746,classification,300,100,8000,10,4,1.003±0.006555,1.885±0.008811,107.9±0.01927,5237,107.9±0.01927,109.6,28.69±3.753,5237,8,False,gpu,4,cuda,auto,NVIDIA L4,Linux,x86_64,7.0.0-1013-aws,#13~24.04.1-Ubuntu SMP PREEMPT Sat Sep  5 01:10:01 UTC 2026,AMD EPYC 7R13 Processor,4,15,NVIDIA L4: cuda_13.2,2.14.0,2.2.0,2.5.3,1.18.1,"rows & cols scaling + n_estimators, cuda, offload:gpu, kv cache on/off",0.5293±0.01362,1.466±0.0351,,,2026-09-29
cea87746,classification,300,100,8000,10,4,1.128±0.01099,1.798±0.01381,114.1±0.5575,5118,114.1±0.5575,428.8,30.43±0.05078,5118,8,True,gpu,4,cuda,auto,NVIDIA L4,Linux,x86_64,7.0.0-1013-aws,#13~24.04.1-Ubuntu SMP PREEMPT Sat Sep  5 01:10:01 UTC 2026,AMD EPYC 7R13 Processor,4,15,NVIDIA L4: cuda_13.2,2.14.0,2.2.0,2.5.3,1.18.1,"rows & cols scaling + n_estimators, cuda, offload:gpu, kv cache on/off",0.5293±0.01362,1.466±0.0351,,,2026-09-29
d1803390,classification,300,100,8000,10,2,0.9861±0.01127,1.025±0.01034,97.9±0.02511,2675,97.9±0.02511,108.6,0.0651±0.0928,2675,8,False,gpu,4,cuda,auto,NVIDIA L4,Linux,x86_64,7.0.0-1013-aws,#13~24.04.1-Ubuntu SMP PREEMPT Sat Sep  5 01:10:01 UTC 2026,AMD EPYC 7R13 Processor,4,15,NVIDIA L4: cuda_13.2,2.14.0,2.2.0,2.5.3,1.18.1,"rows & cols scaling + n_estimators, cuda, offload:gpu, kv cache on/off",0.4962±0.008401,1.535±0.02948,,,2026-09-29
d1803390,classification,300,100,8000,10,2,1.089±0.02857,0.9871±0.01889,104.9±0.009021,2613,104.9±0.009021,272.1,0.02604±0.02601,2613,8,True,gpu,4,cuda,auto,NVIDIA L4,Linux,x86_64,7.0.0-1013-aws,#13~24.04.1-Ubuntu SMP PREEMPT Sat Sep  5 01:10:01 UTC 2026,AMD EPYC 7R13 Processor,4,15,NVIDIA L4: cuda_13.2,2.14.0,2.2.0,2.5.3,1.18.1,"rows & cols scaling + n_estimators, cuda, offload:gpu, kv cache on/off",0.4962±0.008401,1.535±0.0295,,,2026-09-29
796bf6e0,classification,300,100,8000,10,1,0.3229±0.03492,0.5134±0.02634,136.5±71.34,2675,136.5±71.34,108,49.58±73.07,2675,8,False,gpu,4,cuda,auto,NVIDIA L4,Linux,x86_64,7.0.0-1013-aws,#13~24.04.1-Ubuntu SMP PREEMPT Sat Sep  5 01:10:01 UTC 2026,AMD EPYC 7R13 Processor,4,15,NVIDIA L4: cuda_13.2,2.14.0,2.2.0,2.5.3,1.18.1,"rows & cols scaling + n_estimators, cuda, offload:gpu, kv cache on/off",0.4996±0.01924,1.521±0.04655,,,2026-09-29
796bf6e0,classification,300,100,8000,10,1,0.3632±0.01473,0.4798±0.01799,115.1±16.95,2589,115.1±16.95,245.1,15.95±26.45,2589,8,True,gpu,4,cuda,auto,NVIDIA L4,Linux,x86_64,7.0.0-1013-aws,#13~24.04.1-Ubuntu SMP PREEMPT Sat Sep  5 01:10:01 UTC 2026,AMD EPYC 7R13 Processor,4,15,NVIDIA L4: cuda_13.2,2.14.0,2.2.0,2.5.3,1.18.1,"rows & cols scaling + n_estimators, cuda, offload:gpu, kv cache on/off",0.4995±0.01916,1.521±0.04659,,,2026-09-29
8c774b33,classification,300,100,2000,10,4,1.018±0.004534,0.6142±0.02123,133.5±0.5774,1562,133.5±0.5774,108.4,0.00390625,1562,8,False,gpu,4,cuda,auto,NVIDIA L4,Linux,x86_64,7.0.0-1013-aws,#13~24.04.1-Ubuntu SMP PREEMPT Sat Sep  5 01:10:01 UTC 2026,AMD EPYC 7R13 Processor,4,15,NVIDIA L4: cuda_13.2,2.14.0,2.2.0,2.5.3,1.18.1,"rows & cols scaling + n_estimators, cuda, offload:gpu, kv cache on/off",0.5233±0.02242,1.457±0.0708,,,2026-09-29
8c774b33,classification,300,100,2000,10,4,1.154±0.006317,0.5403±0.007286,134.6±1.154,1449,134.6±1.154,431.2,0.005208±0.002255,1449,8,True,gpu,4,cuda,auto,NVIDIA L4,Linux,x86_64,7.0.0-1013-aws,#13~24.04.1-Ubuntu SMP PREEMPT Sat Sep  5 01:10:01 UTC 2026,AMD EPYC 7R13 Processor,4,15,NVIDIA L4: cuda_13.2,2.14.0,2.2.0,2.5.3,1.18.1,"rows & cols scaling + n_estimators, cuda, offload:gpu, kv cache on/off",0.5232±0.02219,1.457±0.07081,,,2026-09-29
adb9bb24,classification,300,100,2000,10,2,1.024±0.02067,0.3615±0.01753,126.2±0.5841,836.1,126.2±0.5841,110.1,0.01953±0.0179,836.1,8,False,gpu,4,cuda,auto,NVIDIA L4,Linux,x86_64,7.0.0-1013-aws,#13~24.04.1-Ubuntu SMP PREEMPT Sat Sep  5 01:10:01 UTC 2026,AMD EPYC 7R13 Processor,4,15,NVIDIA L4: cuda_13.2,2.14.0,2.2.0,2.5.3,1.18.1,"rows & cols scaling + n_estimators, cuda, offload:gpu, kv cache on/off",0.498±0.01531,1.502±0.08559,,,2026-09-29
adb9bb24,classification,300,100,2000,10,2,1.098±0.01677,0.3035±0.003514,133.5±1.155,776.8,133.5±1.155,272.4,0.00390625,776.8,8,True,gpu,4,cuda,auto,NVIDIA L4,Linux,x86_64,7.0.0-1013-aws,#13~24.04.1-Ubuntu SMP PREEMPT Sat Sep  5 01:10:01 UTC 2026,AMD EPYC 7R13 Processor,4,15,NVIDIA L4: cuda_13.2,2.14.0,2.2.0,2.5.3,1.18.1,"rows & cols scaling + n_estimators, cuda, offload:gpu, kv cache on/off",0.4978±0.01554,1.501±0.08548,,,2026-09-29
3099462b,classification,300,100,2000,10,1,0.3185±0.001461,0.2033±0.003384,125.5±2.887,838.3,125.5±2.887,112.4,0.07682±0.1263,838.3,8,False,gpu,4,cuda,auto,NVIDIA L4,Linux,x86_64,7.0.0-1013-aws,#13~24.04.1-Ubuntu SMP PREEMPT Sat Sep  5 01:10:01 UTC 2026,AMD EPYC 7R13 Processor,4,15,NVIDIA L4: cuda_13.2,2.14.0,2.2.0,2.5.3,1.18.1,"rows & cols scaling + n_estimators, cuda, offload:gpu, kv cache on/off",0.5058±0.009438,1.527±0.01993,,,2026-09-29
3099462b,classification,300,100,2000,10,1,0.3574±0.001762,0.1846±0.00198,122.2±1.525,750.3,122.2±1.525,246.9,0.00390625,750.3,8,True,gpu,4,cuda,auto,NVIDIA L4,Linux,x86_64,7.0.0-1013-aws,#13~24.04.1-Ubuntu SMP PREEMPT Sat Sep  5 01:10:01 UTC 2026,AMD EPYC 7R13 Processor,4,15,NVIDIA L4: cuda_13.2,2.14.0,2.2.0,2.5.3,1.18.1,"rows & cols scaling + n_estimators, cuda, offload:gpu, kv cache on/off",0.506±0.009657,1.527±0.02008,,,2026-09-29
1abcdf95,classification,300,100,500,10,4,1.032±0.003228,0.2872±0.01858,124.6±1.155,647.8,124.6±1.155,111.1,0.01953±0.02706,647.8,8,False,gpu,4,cuda,auto,NVIDIA L4,Linux,x86_64,7.0.0-1013-aws,#13~24.04.1-Ubuntu SMP PREEMPT Sat Sep  5 01:10:01 UTC 2026,AMD EPYC 7R13 Processor,4,15,NVIDIA L4: cuda_13.2,2.14.0,2.2.0,2.5.3,1.18.1,"rows & cols scaling + n_estimators, cuda, offload:gpu, kv cache on/off",0.5527±0.01474,1.399±0.04292,,,2026-09-29
1abcdf95,classification,300,100,500,10,4,1.143±0.01151,0.1864±0.01906,120.9±3.473,522.9,120.9±3.473,426.8,0.00651±0.004511,522.9,8,True,gpu,4,cuda,auto,NVIDIA L4,Linux,x86_64,7.0.0-1013-aws,#13~24.04.1-Ubuntu SMP PREEMPT Sat Sep  5 01:10:01 UTC 2026,AMD EPYC 7R13 Processor,4,15,NVIDIA L4: cuda_13.2,2.14.0,2.2.0,2.5.3,1.18.1,"rows & cols scaling + n_estimators, cuda, offload:gpu, kv cache on/off",0.5527±0.01474,1.399±0.04295,,,2026-09-29
9b8219ce,classification,300,100,500,10,2,1.04±0.01373,0.1806±0.01605,124.2±0.5774,379.1,124.2±0.5774,111.1,0.009115±0.005967,379.1,8,False,gpu,4,cuda,auto,NVIDIA L4,Linux,x86_64,7.0.0-1013-aws,#13~24.04.1-Ubuntu SMP PREEMPT Sat Sep  5 01:10:01 UTC 2026,AMD EPYC 7R13 Processor,4,15,NVIDIA L4: cuda_13.2,2.14.0,2.2.0,2.5.3,1.18.1,"rows & cols scaling + n_estimators, cuda, offload:gpu, kv cache on/off",0.518±0.009165,1.486±0.01012,,,2026-09-29
9b8219ce,classification,300,100,500,10,2,1.097±0.01691,0.1109±0.006763,126.2±0.5774,319.3,126.2±0.5774,273.6,0.00390625,319.3,8,True,gpu,4,cuda,auto,NVIDIA L4,Linux,x86_64,7.0.0-1013-aws,#13~24.04.1-Ubuntu SMP PREEMPT Sat Sep  5 01:10:01 UTC 2026,AMD EPYC 7R13 Processor,4,15,NVIDIA L4: cuda_13.2,2.14.0,2.2.0,2.5.3,1.18.1,"rows & cols scaling + n_estimators, cuda, offload:gpu, kv cache on/off",0.5187±0.009018,1.486±0.01017,,,2026-09-29
cf444627,classification,300,100,500,10,1,0.3171±0.002603,0.1124±0.004722,120.4±2.544,379.3,120.4±2.544,110.9,0.1302±0.2188,379.3,8,False,gpu,4,cuda,auto,NVIDIA L4,Linux,x86_64,7.0.0-1013-aws,#13~24.04.1-Ubuntu SMP PREEMPT Sat Sep  5 01:10:01 UTC 2026,AMD EPYC 7R13 Processor,4,15,NVIDIA L4: cuda_13.2,2.14.0,2.2.0,2.5.3,1.18.1,"rows & cols scaling + n_estimators, cuda, offload:gpu, kv cache on/off",0.52±0.01908,1.468±0.05021,,,2026-09-29
cf444627,classification,300,100,500,10,1,0.3595±0.002725,0.08724±0.002542,125.6±3.143,292.2,125.6±3.143,244.1,0.00390625,292.2,8,True,gpu,4,cuda,auto,NVIDIA L4,Linux,x86_64,7.0.0-1013-aws,#13~24.04.1-Ubuntu SMP PREEMPT Sat Sep  5 01:10:01 UTC 2026,AMD EPYC 7R13 Processor,4,15,NVIDIA L4: cuda_13.2,2.14.0,2.2.0,2.5.3,1.18.1,"rows & cols scaling + n_estimators, cuda, offload:gpu, kv cache on/off",0.52±0.01908,1.468±0.05031,,,2026-09-29
b53d3938,classification,300,100,30,10,4,1.018±0.03003,0.1699±0.01991,117.3±3.155,359.1,117.3±3.155,110.6,0.02083±0.01761,359.1,8,False,gpu,4,cuda,auto,NVIDIA L4,Linux,x86_64,7.0.0-1013-aws,#13~24.04.1-Ubuntu SMP PREEMPT Sat Sep  5 01:10:01 UTC 2026,AMD EPYC 7R13 Processor,4,15,NVIDIA L4: cuda_13.2,2.14.0,2.2.0,2.5.3,1.18.1,"rows & cols scaling + n_estimators, cuda, offload:gpu, kv cache on/off",0.5111±0.01925,1.517±0.06829,,,2026-09-29
b53d3938,classification,300,100,30,10,4,1.14±0.01481,0.09684±0.00663,120.9±4.035,427,120.9±4.035,427,0.00390625,247,8,True,gpu,4,cuda,auto,NVIDIA L4,Linux,x86_64,7.0.0-1013-aws,#13~24.04.1-Ubuntu SMP PREEMPT Sat Sep  5 01:10:01 UTC 2026,AMD EPYC 7R13 Processor,4,15,NVIDIA L4: cuda_13.2,2.14.0,2.2.0,2.5.3,1.18.1,"rows & cols scaling + n_estimators, cuda, offload:gpu, kv cache on/off",0.5222±0.03849,1.516±0.06816,,,2026-09-29
de35f9a9,classification,300,100,30,10,2,1.01±0.01055,0.1281±0.01193,111.1±1.079,233.8,111.1±1.079,110.1,0.01562±0.01172,233.8,8,False,gpu,4,cuda,auto,NVIDIA L4,Linux,x86_64,7.0.0-1013-aws,#13~24.04.1-Ubuntu SMP PREEMPT Sat Sep  5 01:10:01 UTC 2026,AMD EPYC 7R13 Processor,4,15,NVIDIA L4: cuda_13.2,2.14.0,2.2.0,2.5.3,1.18.1,"rows & cols scaling + n_estimators, cuda, offload:gpu, kv cache on/off",0.4222±0.01925,1.591±0.06001,,,2026-09-29
de35f9a9,classification,300,100,30,10,2,1.094±0.004841,0.09335±0.01832,114.7±1.3,272.4,114.7±1.3,272.4,0.007812±0.006766,195,8,True,gpu,4,cuda,auto,NVIDIA L4,Linux,x86_64,7.0.0-1013-aws,#13~24.04.1-Ubuntu SMP PREEMPT Sat Sep  5 01:10:01 UTC 2026,AMD EPYC 7R13 Processor,4,15,NVIDIA L4: cuda_13.2,2.14.0,2.2.0,2.5.3,1.18.1,"rows & cols scaling + n_estimators, cuda, offload:gpu, kv cache on/off",0.4222±0.01925,1.59±0.06078,,,2026-09-29
41e15d3f,classification,300,100,30,10,1,0.3048±0.001531,0.06079±0.02775,97.21±1.157,231,97.21±1.157,108.4,0.00390625,231,8,False,gpu,4,cuda,auto,NVIDIA L4,Linux,x86_64,7.0.0-1013-aws,#13~24.04.1-Ubuntu SMP PREEMPT Sat Sep  5 01:10:01 UTC 2026,AMD EPYC 7R13 Processor,4,15,NVIDIA L4: cuda_13.2,2.14.0,2.2.0,2.5.3,1.18.1,"rows & cols scaling + n_estimators, cuda, offload:gpu, kv cache on/off",0.5222±0.05092,1.583±0.05283,,,2026-09-29
41e15d3f,classification,300,100,30,10,1,0.3663±0.01114,0.05011±0.0163,105.9±2.648,245.6,105.9±2.648,245.6,0.02865±0.04285,169.4,8,True,gpu,4,cuda,auto,NVIDIA L4,Linux,x86_64,7.0.0-1013-aws,#13~24.04.1-Ubuntu SMP PREEMPT Sat Sep  5 01:10:01 UTC 2026,AMD EPYC 7R13 Processor,4,15,NVIDIA L4: cuda_13.2,2.14.0,2.2.0,2.5.3,1.18.1,"rows & cols scaling + n_estimators, cuda, offload:gpu, kv cache on/off",0.5111±0.03849,1.584±0.05274,,,2026-09-29
02c80f72,classification,300,100,2,10,4,1.008±0.01016,0.1743±0.005133,95.9±0.02151,339.1,95.9±0.02151,109.6,0.0651±0.0891,339.1,8,False,gpu,4,cuda,auto,NVIDIA L4,Linux,x86_64,7.0.0-1013-aws,#13~24.04.1-Ubuntu SMP PREEMPT Sat Sep  5 01:10:01 UTC 2026,AMD EPYC 7R13 Processor,4,15,NVIDIA L4: cuda_13.2,2.14.0,2.2.0,2.5.3,1.18.1,"rows & cols scaling + n_estimators, cuda, offload:gpu, kv cache on/off",0.3333±0.2887,2.122±1.177,,,2026-09-29
02c80f72,classification,300,100,2,10,4,1.133±0.006897,0.114±0.007111,95.9±0.02958,428.8,95.9±0.02958,428.8,0.02604±0.03181,247.9,8,True,gpu,4,cuda,auto,NVIDIA L4,Linux,x86_64,7.0.0-1013-aws,#13~24.04.1-Ubuntu SMP PREEMPT Sat Sep  5 01:10:01 UTC 2026,AMD EPYC 7R13 Processor,4,15,NVIDIA L4: cuda_13.2,2.14.0,2.2.0,2.5.3,1.18.1,"rows & cols scaling + n_estimators, cuda, offload:gpu, kv cache on/off",0.3333±0.2887,2.122±1.177,,,2026-09-29
e7ace80f,classification,300,100,2,10,2,0.9896±0.002619,0.1146±0.0169,93.57±0.5514,226.3,93.57±0.5514,108.6,0.05599±0.07678,226.3,8,False,gpu,4,cuda,auto,NVIDIA L4,Linux,x86_64,7.0.0-1013-aws,#13~24.04.1-Ubuntu SMP PREEMPT Sat Sep  5 01:10:01 UTC 2026,AMD EPYC 7R13 Processor,4,15,NVIDIA L4: cuda_13.2,2.14.0,2.2.0,2.5.3,1.18.1,"rows & cols scaling + n_estimators, cuda, offload:gpu, kv cache on/off",0.3333±0.2887,2.165±1.128,,,2026-09-29
e7ace80f,classification,300,100,2,10,2,1.086±0.02128,0.08934±0.01709,93.9±0.02221,272.1,93.9±0.02221,272.1,0.02474±0.02659,193.2,8,True,gpu,4,cuda,auto,NVIDIA L4,Linux,x86_64,7.0.0-1013-aws,#13~24.04.1-Ubuntu SMP PREEMPT Sat Sep  5 01:10:01 UTC 2026,AMD EPYC 7R13 Processor,4,15,NVIDIA L4: cuda_13.2,2.14.0,2.2.0,2.5.3,1.18.1,"rows & cols scaling + n_estimators, cuda, offload:gpu, kv cache on/off",0.3333±0.2887,2.165±1.128,,,2026-09-29
128170a6,classification,300,100,2,10,1,0.3257±0.03179,0.0836±0.03635,143.8±68.22,225.7,143.8±68.22,108,56.66±69.59,225.7,8,False,gpu,4,cuda,auto,NVIDIA L4,Linux,x86_64,7.0.0-1013-aws,#13~24.04.1-Ubuntu SMP PREEMPT Sat Sep  5 01:10:01 UTC 2026,AMD EPYC 7R13 Processor,4,15,NVIDIA L4: cuda_13.2,2.14.0,2.2.0,2.5.3,1.18.1,"rows & cols scaling + n_estimators, cuda, offload:gpu, kv cache on/off",0.5±0.5,1.929±1.232,,,2026-09-29
128170a6,classification,300,100,2,10,1,0.3432±0.001183,0.03851±0.0004974,89.9±0.01703,245.1,89.9±0.01703,245.1,0.02604±0.01846,168.7,8,True,gpu,4,cuda,auto,NVIDIA L4,Linux,x86_64,7.0.0-1013-aws,#13~24.04.1-Ubuntu SMP PREEMPT Sat Sep  5 01:10:01 UTC 2026,AMD EPYC 7R13 Processor,4,15,NVIDIA L4: cuda_13.2,2.14.0,2.2.0,2.5.3,1.18.1,"rows & cols scaling + n_estimators, cuda, offload:gpu, kv cache on/off",0.5±0.5,1.929±1.232,,,2026-09-29
